ISO-10303-21;
HEADER;
FILE_DESCRIPTION(('FreeCAD Model'),'2;1');
FILE_NAME('Open CASCADE Shape Model','2025-01-09T23:53:23',(''),(''),
  'Open CASCADE STEP processor 7.8','FreeCAD','Unknown');
FILE_SCHEMA(('AUTOMOTIVE_DESIGN { 1 0 10303 214 1 1 1 1 }'));
ENDSEC;
DATA;
#1 = APPLICATION_PROTOCOL_DEFINITION('international standard',
  'automotive_design',2000,#2);
#2 = APPLICATION_CONTEXT(
  'core data for automotive mechanical design processes');
#3 = SHAPE_DEFINITION_REPRESENTATION(#4,#10);
#4 = PRODUCT_DEFINITION_SHAPE('','',#5);
#5 = PRODUCT_DEFINITION('design','',#6,#9);
#6 = PRODUCT_DEFINITION_FORMATION('','',#7);
#7 = PRODUCT('Unnamed','Unnamed','',(#8));
#8 = PRODUCT_CONTEXT('',#2,'mechanical');
#9 = PRODUCT_DEFINITION_CONTEXT('part definition',#2,'design');
#10 = SHAPE_REPRESENTATION('',(#11,#15,#19),#23);
#11 = AXIS2_PLACEMENT_3D('',#12,#13,#14);
#12 = CARTESIAN_POINT('',(0.,0.,0.));
#13 = DIRECTION('',(0.,0.,1.));
#14 = DIRECTION('',(1.,0.,-0.));
#15 = AXIS2_PLACEMENT_3D('',#16,#17,#18);
#16 = CARTESIAN_POINT('',(0.,0.,0.));
#17 = DIRECTION('',(0.,0.,1.));
#18 = DIRECTION('',(1.,0.,0.));
#19 = AXIS2_PLACEMENT_3D('',#20,#21,#22);
#20 = CARTESIAN_POINT('',(0.,0.,0.));
#21 = DIRECTION('',(0.,0.,1.));
#22 = DIRECTION('',(1.,0.,0.));
#23 = ( GEOMETRIC_REPRESENTATION_CONTEXT(3) 
GLOBAL_UNCERTAINTY_ASSIGNED_CONTEXT((#27)) GLOBAL_UNIT_ASSIGNED_CONTEXT(
(#24,#25,#26)) REPRESENTATION_CONTEXT('Context #1',
  '3D Context with UNIT and UNCERTAINTY') );
#24 = ( LENGTH_UNIT() NAMED_UNIT(*) SI_UNIT(.MILLI.,.METRE.) );
#25 = ( NAMED_UNIT(*) PLANE_ANGLE_UNIT() SI_UNIT($,.RADIAN.) );
#26 = ( NAMED_UNIT(*) SI_UNIT($,.STERADIAN.) SOLID_ANGLE_UNIT() );
#27 = UNCERTAINTY_MEASURE_WITH_UNIT(LENGTH_MEASURE(5.E-06),#24,
  'distance_accuracy_value','confusion accuracy');
#28 = PRODUCT_RELATED_PRODUCT_CATEGORY('part',$,(#7));
#29 = SHAPE_DEFINITION_REPRESENTATION(#30,#36);
#30 = PRODUCT_DEFINITION_SHAPE('','',#31);
#31 = PRODUCT_DEFINITION('design','',#32,#35);
#32 = PRODUCT_DEFINITION_FORMATION('','',#33);
#33 = PRODUCT('Array','Array','',(#34));
#34 = PRODUCT_CONTEXT('',#2,'mechanical');
#35 = PRODUCT_DEFINITION_CONTEXT('part definition',#2,'design');
#36 = SHAPE_REPRESENTATION('',(#11,#37,#41,#45,#49,#53,#57),#61);
#37 = AXIS2_PLACEMENT_3D('',#38,#39,#40);
#38 = CARTESIAN_POINT('',(0.,-3.937,0.));
#39 = DIRECTION('',(0.,0.,1.));
#40 = DIRECTION('',(1.,0.,0.));
#41 = AXIS2_PLACEMENT_3D('',#42,#43,#44);
#42 = CARTESIAN_POINT('',(-2.54,-3.937,0.));
#43 = DIRECTION('',(0.,0.,1.));
#44 = DIRECTION('',(1.,0.,0.));
#45 = AXIS2_PLACEMENT_3D('',#46,#47,#48);
#46 = CARTESIAN_POINT('',(-5.08,-3.937,0.));
#47 = DIRECTION('',(0.,0.,1.));
#48 = DIRECTION('',(1.,0.,0.));
#49 = AXIS2_PLACEMENT_3D('',#50,#51,#52);
#50 = CARTESIAN_POINT('',(-7.62,-3.937,0.));
#51 = DIRECTION('',(0.,0.,1.));
#52 = DIRECTION('',(1.,0.,0.));
#53 = AXIS2_PLACEMENT_3D('',#54,#55,#56);
#54 = CARTESIAN_POINT('',(-10.16,-3.937,0.));
#55 = DIRECTION('',(0.,0.,1.));
#56 = DIRECTION('',(1.,0.,0.));
#57 = AXIS2_PLACEMENT_3D('',#58,#59,#60);
#58 = CARTESIAN_POINT('',(-12.7,-3.937,0.));
#59 = DIRECTION('',(0.,0.,1.));
#60 = DIRECTION('',(1.,0.,0.));
#61 = ( GEOMETRIC_REPRESENTATION_CONTEXT(3) 
GLOBAL_UNCERTAINTY_ASSIGNED_CONTEXT((#65)) GLOBAL_UNIT_ASSIGNED_CONTEXT(
(#62,#63,#64)) REPRESENTATION_CONTEXT('Context #1',
  '3D Context with UNIT and UNCERTAINTY') );
#62 = ( LENGTH_UNIT() NAMED_UNIT(*) SI_UNIT(.MILLI.,.METRE.) );
#63 = ( NAMED_UNIT(*) PLANE_ANGLE_UNIT() SI_UNIT($,.RADIAN.) );
#64 = ( NAMED_UNIT(*) SI_UNIT($,.STERADIAN.) SOLID_ANGLE_UNIT() );
#65 = UNCERTAINTY_MEASURE_WITH_UNIT(LENGTH_MEASURE(1.E-07),#62,
  'distance_accuracy_value','confusion accuracy');
#66 = CONTEXT_DEPENDENT_SHAPE_REPRESENTATION(#67,#69);
#67 = ( REPRESENTATION_RELATIONSHIP('','',#36,#10) 
REPRESENTATION_RELATIONSHIP_WITH_TRANSFORMATION(#68) 
SHAPE_REPRESENTATION_RELATIONSHIP() );
#68 = ITEM_DEFINED_TRANSFORMATION('','',#11,#15);
#69 = PRODUCT_DEFINITION_SHAPE('Placement','Placement of an item',#70);
#70 = NEXT_ASSEMBLY_USAGE_OCCURRENCE('566','Array','',#5,#31,$);
#71 = PRODUCT_RELATED_PRODUCT_CATEGORY('part',$,(#33));
#72 = SHAPE_DEFINITION_REPRESENTATION(#73,#79);
#73 = PRODUCT_DEFINITION_SHAPE('','',#74);
#74 = PRODUCT_DEFINITION('design','',#75,#78);
#75 = PRODUCT_DEFINITION_FORMATION('','',#76);
#76 = PRODUCT('Body001','Body001','',(#77));
#77 = PRODUCT_CONTEXT('',#2,'mechanical');
#78 = PRODUCT_DEFINITION_CONTEXT('part definition',#2,'design');
#79 = ADVANCED_BREP_SHAPE_REPRESENTATION('',(#11,#80),#422);
#80 = MANIFOLD_SOLID_BREP('',#81);
#81 = CLOSED_SHELL('',(#82,#122,#153,#184,#215,#246,#268,#292,#316,#340,
    #357,#381,#398,#410));
#82 = ADVANCED_FACE('',(#83),#117,.T.);
#83 = FACE_BOUND('',#84,.T.);
#84 = EDGE_LOOP('',(#85,#95,#103,#111));
#85 = ORIENTED_EDGE('',*,*,#86,.T.);
#86 = EDGE_CURVE('',#87,#89,#91,.T.);
#87 = VERTEX_POINT('',#88);
#88 = CARTESIAN_POINT('',(-0.3175,0.381,-0.3175));
#89 = VERTEX_POINT('',#90);
#90 = CARTESIAN_POINT('',(-0.3175,13.589,-0.3175));
#91 = LINE('',#92,#93);
#92 = CARTESIAN_POINT('',(-0.3175,-7.04991620637E-17,-0.3175));
#93 = VECTOR('',#94,1.);
#94 = DIRECTION('',(0.,1.,-2.22044604925E-16));
#95 = ORIENTED_EDGE('',*,*,#96,.T.);
#96 = EDGE_CURVE('',#89,#97,#99,.T.);
#97 = VERTEX_POINT('',#98);
#98 = CARTESIAN_POINT('',(0.3175,13.589,-0.3175));
#99 = LINE('',#100,#101);
#100 = CARTESIAN_POINT('',(-0.3175,13.589,-0.3175));
#101 = VECTOR('',#102,1.);
#102 = DIRECTION('',(1.,0.,0.));
#103 = ORIENTED_EDGE('',*,*,#104,.F.);
#104 = EDGE_CURVE('',#105,#97,#107,.T.);
#105 = VERTEX_POINT('',#106);
#106 = CARTESIAN_POINT('',(0.3175,0.381,-0.3175));
#107 = LINE('',#108,#109);
#108 = CARTESIAN_POINT('',(0.3175,-7.04991620637E-17,-0.3175));
#109 = VECTOR('',#110,1.);
#110 = DIRECTION('',(0.,1.,-2.22044604925E-16));
#111 = ORIENTED_EDGE('',*,*,#112,.F.);
#112 = EDGE_CURVE('',#87,#105,#113,.T.);
#113 = LINE('',#114,#115);
#114 = CARTESIAN_POINT('',(-0.3175,0.381,-0.3175));
#115 = VECTOR('',#116,1.);
#116 = DIRECTION('',(1.,0.,0.));
#117 = PLANE('',#118);
#118 = AXIS2_PLACEMENT_3D('',#119,#120,#121);
#119 = CARTESIAN_POINT('',(-0.3175,-7.04991620637E-17,-0.3175));
#120 = DIRECTION('',(0.,-2.22044604925E-16,-1.));
#121 = DIRECTION('',(1.,0.,0.));
#122 = ADVANCED_FACE('',(#123),#148,.T.);
#123 = FACE_BOUND('',#124,.T.);
#124 = EDGE_LOOP('',(#125,#135,#141,#142));
#125 = ORIENTED_EDGE('',*,*,#126,.T.);
#126 = EDGE_CURVE('',#127,#129,#131,.T.);
#127 = VERTEX_POINT('',#128);
#128 = CARTESIAN_POINT('',(-0.3175,0.381,0.3175));
#129 = VERTEX_POINT('',#130);
#130 = CARTESIAN_POINT('',(-0.3175,13.589,0.3175));
#131 = LINE('',#132,#133);
#132 = CARTESIAN_POINT('',(-0.3175,7.04991620637E-17,0.3175));
#133 = VECTOR('',#134,1.);
#134 = DIRECTION('',(0.,1.,-2.22044604925E-16));
#135 = ORIENTED_EDGE('',*,*,#136,.T.);
#136 = EDGE_CURVE('',#129,#89,#137,.T.);
#137 = LINE('',#138,#139);
#138 = CARTESIAN_POINT('',(-0.3175,13.589,0.3175));
#139 = VECTOR('',#140,1.);
#140 = DIRECTION('',(0.,-2.22044604925E-16,-1.));
#141 = ORIENTED_EDGE('',*,*,#86,.F.);
#142 = ORIENTED_EDGE('',*,*,#143,.F.);
#143 = EDGE_CURVE('',#127,#87,#144,.T.);
#144 = LINE('',#145,#146);
#145 = CARTESIAN_POINT('',(-0.3175,0.381,0.3175));
#146 = VECTOR('',#147,1.);
#147 = DIRECTION('',(0.,-2.22044604925E-16,-1.));
#148 = PLANE('',#149);
#149 = AXIS2_PLACEMENT_3D('',#150,#151,#152);
#150 = CARTESIAN_POINT('',(-0.3175,7.04991620637E-17,0.3175));
#151 = DIRECTION('',(-1.,0.,0.));
#152 = DIRECTION('',(0.,-2.22044604925E-16,-1.));
#153 = ADVANCED_FACE('',(#154),#179,.F.);
#154 = FACE_BOUND('',#155,.F.);
#155 = EDGE_LOOP('',(#156,#164,#172,#178));
#156 = ORIENTED_EDGE('',*,*,#157,.F.);
#157 = EDGE_CURVE('',#158,#87,#160,.T.);
#158 = VERTEX_POINT('',#159);
#159 = CARTESIAN_POINT('',(-0.1905,-1.321165399304E-17,-0.1905));
#160 = LINE('',#161,#162);
#161 = CARTESIAN_POINT('',(-0.230909090909,0.121227272727,
    -0.230909090909));
#162 = VECTOR('',#163,1.);
#163 = DIRECTION('',(-0.301511344578,0.904534033733,-0.301511344578));
#164 = ORIENTED_EDGE('',*,*,#165,.T.);
#165 = EDGE_CURVE('',#158,#166,#168,.T.);
#166 = VERTEX_POINT('',#167);
#167 = CARTESIAN_POINT('',(0.1905,-1.321165399304E-17,-0.1905));
#168 = LINE('',#169,#170);
#169 = CARTESIAN_POINT('',(-0.3175,-1.232595164408E-32,-0.1905));
#170 = VECTOR('',#171,1.);
#171 = DIRECTION('',(1.,0.,0.));
#172 = ORIENTED_EDGE('',*,*,#173,.T.);
#173 = EDGE_CURVE('',#166,#105,#174,.T.);
#174 = LINE('',#175,#176);
#175 = CARTESIAN_POINT('',(0.230909090909,0.121227272727,-0.230909090909
    ));
#176 = VECTOR('',#177,1.);
#177 = DIRECTION('',(0.301511344578,0.904534033733,-0.301511344578));
#178 = ORIENTED_EDGE('',*,*,#112,.F.);
#179 = PLANE('',#180);
#180 = AXIS2_PLACEMENT_3D('',#181,#182,#183);
#181 = CARTESIAN_POINT('',(-0.3175,0.1905,-0.254));
#182 = DIRECTION('',(0.,0.316227766017,0.948683298051));
#183 = DIRECTION('',(1.,0.,0.));
#184 = ADVANCED_FACE('',(#185),#210,.T.);
#185 = FACE_BOUND('',#186,.T.);
#186 = EDGE_LOOP('',(#187,#195,#203,#209));
#187 = ORIENTED_EDGE('',*,*,#188,.F.);
#188 = EDGE_CURVE('',#189,#89,#191,.T.);
#189 = VERTEX_POINT('',#190);
#190 = CARTESIAN_POINT('',(-0.1905,13.97,-0.1905));
#191 = LINE('',#192,#193);
#192 = CARTESIAN_POINT('',(-0.230909090909,13.848772727273,
    -0.230909090909));
#193 = VECTOR('',#194,1.);
#194 = DIRECTION('',(-0.301511344578,-0.904534033733,-0.301511344578));
#195 = ORIENTED_EDGE('',*,*,#196,.T.);
#196 = EDGE_CURVE('',#189,#197,#199,.T.);
#197 = VERTEX_POINT('',#198);
#198 = CARTESIAN_POINT('',(0.1905,13.97,-0.1905));
#199 = LINE('',#200,#201);
#200 = CARTESIAN_POINT('',(-0.3175,13.97,-0.1905));
#201 = VECTOR('',#202,1.);
#202 = DIRECTION('',(1.,0.,0.));
#203 = ORIENTED_EDGE('',*,*,#204,.T.);
#204 = EDGE_CURVE('',#197,#97,#205,.T.);
#205 = LINE('',#206,#207);
#206 = CARTESIAN_POINT('',(0.230909090909,13.848772727273,
    -0.230909090909));
#207 = VECTOR('',#208,1.);
#208 = DIRECTION('',(0.301511344578,-0.904534033733,-0.301511344578));
#209 = ORIENTED_EDGE('',*,*,#96,.F.);
#210 = PLANE('',#211);
#211 = AXIS2_PLACEMENT_3D('',#212,#213,#214);
#212 = CARTESIAN_POINT('',(-0.3175,13.7795,-0.254));
#213 = DIRECTION('',(0.,0.316227766017,-0.948683298051));
#214 = DIRECTION('',(1.,0.,0.));
#215 = ADVANCED_FACE('',(#216),#241,.T.);
#216 = FACE_BOUND('',#217,.T.);
#217 = EDGE_LOOP('',(#218,#219,#227,#235));
#218 = ORIENTED_EDGE('',*,*,#104,.T.);
#219 = ORIENTED_EDGE('',*,*,#220,.T.);
#220 = EDGE_CURVE('',#97,#221,#223,.T.);
#221 = VERTEX_POINT('',#222);
#222 = CARTESIAN_POINT('',(0.3175,13.589,0.3175));
#223 = LINE('',#224,#225);
#224 = CARTESIAN_POINT('',(0.3175,13.589,-0.3175));
#225 = VECTOR('',#226,1.);
#226 = DIRECTION('',(0.,2.22044604925E-16,1.));
#227 = ORIENTED_EDGE('',*,*,#228,.F.);
#228 = EDGE_CURVE('',#229,#221,#231,.T.);
#229 = VERTEX_POINT('',#230);
#230 = CARTESIAN_POINT('',(0.3175,0.381,0.3175));
#231 = LINE('',#232,#233);
#232 = CARTESIAN_POINT('',(0.3175,7.04991620637E-17,0.3175));
#233 = VECTOR('',#234,1.);
#234 = DIRECTION('',(0.,1.,-2.22044604925E-16));
#235 = ORIENTED_EDGE('',*,*,#236,.F.);
#236 = EDGE_CURVE('',#105,#229,#237,.T.);
#237 = LINE('',#238,#239);
#238 = CARTESIAN_POINT('',(0.3175,0.381,-0.3175));
#239 = VECTOR('',#240,1.);
#240 = DIRECTION('',(0.,2.22044604925E-16,1.));
#241 = PLANE('',#242);
#242 = AXIS2_PLACEMENT_3D('',#243,#244,#245);
#243 = CARTESIAN_POINT('',(0.3175,-7.04991620637E-17,-0.3175));
#244 = DIRECTION('',(1.,0.,0.));
#245 = DIRECTION('',(0.,2.22044604925E-16,1.));
#246 = ADVANCED_FACE('',(#247),#263,.T.);
#247 = FACE_BOUND('',#248,.T.);
#248 = EDGE_LOOP('',(#249,#250,#256,#257));
#249 = ORIENTED_EDGE('',*,*,#228,.T.);
#250 = ORIENTED_EDGE('',*,*,#251,.T.);
#251 = EDGE_CURVE('',#221,#129,#252,.T.);
#252 = LINE('',#253,#254);
#253 = CARTESIAN_POINT('',(0.3175,13.589,0.3175));
#254 = VECTOR('',#255,1.);
#255 = DIRECTION('',(-1.,-0.,0.));
#256 = ORIENTED_EDGE('',*,*,#126,.F.);
#257 = ORIENTED_EDGE('',*,*,#258,.F.);
#258 = EDGE_CURVE('',#229,#127,#259,.T.);
#259 = LINE('',#260,#261);
#260 = CARTESIAN_POINT('',(0.3175,0.381,0.3175));
#261 = VECTOR('',#262,1.);
#262 = DIRECTION('',(-1.,-0.,0.));
#263 = PLANE('',#264);
#264 = AXIS2_PLACEMENT_3D('',#265,#266,#267);
#265 = CARTESIAN_POINT('',(0.3175,7.04991620637E-17,0.3175));
#266 = DIRECTION('',(0.,2.22044604925E-16,1.));
#267 = DIRECTION('',(-1.,0.,0.));
#268 = ADVANCED_FACE('',(#269),#287,.F.);
#269 = FACE_BOUND('',#270,.F.);
#270 = EDGE_LOOP('',(#271,#279,#285,#286));
#271 = ORIENTED_EDGE('',*,*,#272,.F.);
#272 = EDGE_CURVE('',#273,#127,#275,.T.);
#273 = VERTEX_POINT('',#274);
#274 = CARTESIAN_POINT('',(-0.1905,-4.229949723822E-17,0.1905));
#275 = LINE('',#276,#277);
#276 = CARTESIAN_POINT('',(-0.230909090909,0.121227272727,0.230909090909
    ));
#277 = VECTOR('',#278,1.);
#278 = DIRECTION('',(-0.301511344578,0.904534033733,0.301511344578));
#279 = ORIENTED_EDGE('',*,*,#280,.T.);
#280 = EDGE_CURVE('',#273,#158,#281,.T.);
#281 = LINE('',#282,#283);
#282 = CARTESIAN_POINT('',(-0.1905,1.232595164408E-32,0.3175));
#283 = VECTOR('',#284,1.);
#284 = DIRECTION('',(0.,-2.22044604925E-16,-1.));
#285 = ORIENTED_EDGE('',*,*,#157,.T.);
#286 = ORIENTED_EDGE('',*,*,#143,.F.);
#287 = PLANE('',#288);
#288 = AXIS2_PLACEMENT_3D('',#289,#290,#291);
#289 = CARTESIAN_POINT('',(-0.254,0.1905,0.3175));
#290 = DIRECTION('',(0.948683298051,0.316227766017,7.717941683461E-19));
#291 = DIRECTION('',(6.734556971455E-17,-1.995960816868E-16,-1.));
#292 = ADVANCED_FACE('',(#293),#311,.T.);
#293 = FACE_BOUND('',#294,.T.);
#294 = EDGE_LOOP('',(#295,#303,#309,#310));
#295 = ORIENTED_EDGE('',*,*,#296,.F.);
#296 = EDGE_CURVE('',#297,#129,#299,.T.);
#297 = VERTEX_POINT('',#298);
#298 = CARTESIAN_POINT('',(-0.1905,13.97,0.1905));
#299 = LINE('',#300,#301);
#300 = CARTESIAN_POINT('',(-0.230909090909,13.848772727273,
    0.230909090909));
#301 = VECTOR('',#302,1.);
#302 = DIRECTION('',(-0.301511344578,-0.904534033733,0.301511344578));
#303 = ORIENTED_EDGE('',*,*,#304,.T.);
#304 = EDGE_CURVE('',#297,#189,#305,.T.);
#305 = LINE('',#306,#307);
#306 = CARTESIAN_POINT('',(-0.1905,13.97,0.3175));
#307 = VECTOR('',#308,1.);
#308 = DIRECTION('',(0.,-2.22044604925E-16,-1.));
#309 = ORIENTED_EDGE('',*,*,#188,.T.);
#310 = ORIENTED_EDGE('',*,*,#136,.F.);
#311 = PLANE('',#312);
#312 = AXIS2_PLACEMENT_3D('',#313,#314,#315);
#313 = CARTESIAN_POINT('',(-0.254,13.7795,0.3175));
#314 = DIRECTION('',(-0.948683298051,0.316227766017,1.29246473289E-17));
#315 = DIRECTION('',(-7.887477853163E-17,-1.957530120812E-16,-1.));
#316 = ADVANCED_FACE('',(#317),#335,.F.);
#317 = FACE_BOUND('',#318,.F.);
#318 = EDGE_LOOP('',(#319,#320,#321,#329));
#319 = ORIENTED_EDGE('',*,*,#165,.F.);
#320 = ORIENTED_EDGE('',*,*,#280,.F.);
#321 = ORIENTED_EDGE('',*,*,#322,.F.);
#322 = EDGE_CURVE('',#323,#273,#325,.T.);
#323 = VERTEX_POINT('',#324);
#324 = CARTESIAN_POINT('',(0.1905,6.87228052243E-17,0.1905));
#325 = LINE('',#326,#327);
#326 = CARTESIAN_POINT('',(0.3175,1.232595164408E-32,0.1905));
#327 = VECTOR('',#328,1.);
#328 = DIRECTION('',(-1.,-0.,0.));
#329 = ORIENTED_EDGE('',*,*,#330,.F.);
#330 = EDGE_CURVE('',#166,#323,#331,.T.);
#331 = LINE('',#332,#333);
#332 = CARTESIAN_POINT('',(0.1905,-1.232595164408E-32,-0.3175));
#333 = VECTOR('',#334,1.);
#334 = DIRECTION('',(0.,2.22044604925E-16,1.));
#335 = PLANE('',#336);
#336 = AXIS2_PLACEMENT_3D('',#337,#338,#339);
#337 = CARTESIAN_POINT('',(2.294752314678E-16,0.,0.));
#338 = DIRECTION('',(0.,1.,-4.930380657631E-32));
#339 = DIRECTION('',(0.,4.930380657631E-32,1.));
#340 = ADVANCED_FACE('',(#341),#352,.F.);
#341 = FACE_BOUND('',#342,.F.);
#342 = EDGE_LOOP('',(#343,#344,#345,#351));
#343 = ORIENTED_EDGE('',*,*,#173,.F.);
#344 = ORIENTED_EDGE('',*,*,#330,.T.);
#345 = ORIENTED_EDGE('',*,*,#346,.T.);
#346 = EDGE_CURVE('',#323,#229,#347,.T.);
#347 = LINE('',#348,#349);
#348 = CARTESIAN_POINT('',(0.230909090909,0.121227272727,0.230909090909)
  );
#349 = VECTOR('',#350,1.);
#350 = DIRECTION('',(0.301511344578,0.904534033733,0.301511344578));
#351 = ORIENTED_EDGE('',*,*,#236,.F.);
#352 = PLANE('',#353);
#353 = AXIS2_PLACEMENT_3D('',#354,#355,#356);
#354 = CARTESIAN_POINT('',(0.254,0.1905,-0.3175));
#355 = DIRECTION('',(-0.948683298051,0.316227766017,-9.643277117336E-19)
  );
#356 = DIRECTION('',(6.569853988354E-17,2.001450916305E-16,1.));
#357 = ADVANCED_FACE('',(#358),#376,.T.);
#358 = FACE_BOUND('',#359,.T.);
#359 = EDGE_LOOP('',(#360,#361,#362,#370));
#360 = ORIENTED_EDGE('',*,*,#196,.F.);
#361 = ORIENTED_EDGE('',*,*,#304,.F.);
#362 = ORIENTED_EDGE('',*,*,#363,.F.);
#363 = EDGE_CURVE('',#364,#297,#366,.T.);
#364 = VERTEX_POINT('',#365);
#365 = CARTESIAN_POINT('',(0.1905,13.97,0.1905));
#366 = LINE('',#367,#368);
#367 = CARTESIAN_POINT('',(0.3175,13.97,0.1905));
#368 = VECTOR('',#369,1.);
#369 = DIRECTION('',(-1.,-0.,0.));
#370 = ORIENTED_EDGE('',*,*,#371,.F.);
#371 = EDGE_CURVE('',#197,#364,#372,.T.);
#372 = LINE('',#373,#374);
#373 = CARTESIAN_POINT('',(0.1905,13.97,-0.3175));
#374 = VECTOR('',#375,1.);
#375 = DIRECTION('',(0.,2.22044604925E-16,1.));
#376 = PLANE('',#377);
#377 = AXIS2_PLACEMENT_3D('',#378,#379,#380);
#378 = CARTESIAN_POINT('',(2.294752314678E-16,13.97,-3.552713678801E-15)
  );
#379 = DIRECTION('',(0.,1.,-4.930380657631E-32));
#380 = DIRECTION('',(0.,4.930380657631E-32,1.));
#381 = ADVANCED_FACE('',(#382),#393,.T.);
#382 = FACE_BOUND('',#383,.T.);
#383 = EDGE_LOOP('',(#384,#385,#386,#392));
#384 = ORIENTED_EDGE('',*,*,#204,.F.);
#385 = ORIENTED_EDGE('',*,*,#371,.T.);
#386 = ORIENTED_EDGE('',*,*,#387,.T.);
#387 = EDGE_CURVE('',#364,#221,#388,.T.);
#388 = LINE('',#389,#390);
#389 = CARTESIAN_POINT('',(0.230909090909,13.848772727273,0.230909090909
    ));
#390 = VECTOR('',#391,1.);
#391 = DIRECTION('',(0.301511344578,-0.904534033733,0.301511344578));
#392 = ORIENTED_EDGE('',*,*,#220,.F.);
#393 = PLANE('',#394);
#394 = AXIS2_PLACEMENT_3D('',#395,#396,#397);
#395 = CARTESIAN_POINT('',(0.254,13.7795,-0.3175));
#396 = DIRECTION('',(0.948683298051,0.316227766017,1.29246473289E-17));
#397 = DIRECTION('',(-7.887477853163E-17,1.957530120812E-16,1.));
#398 = ADVANCED_FACE('',(#399),#405,.F.);
#399 = FACE_BOUND('',#400,.F.);
#400 = EDGE_LOOP('',(#401,#402,#403,#404));
#401 = ORIENTED_EDGE('',*,*,#346,.F.);
#402 = ORIENTED_EDGE('',*,*,#322,.T.);
#403 = ORIENTED_EDGE('',*,*,#272,.T.);
#404 = ORIENTED_EDGE('',*,*,#258,.F.);
#405 = PLANE('',#406);
#406 = AXIS2_PLACEMENT_3D('',#407,#408,#409);
#407 = CARTESIAN_POINT('',(0.3175,0.1905,0.254));
#408 = DIRECTION('',(-1.73612188008E-18,0.316227766017,-0.948683298051)
  );
#409 = DIRECTION('',(-1.,-5.490099436706E-19,1.647029831012E-18));
#410 = ADVANCED_FACE('',(#411),#417,.T.);
#411 = FACE_BOUND('',#412,.T.);
#412 = EDGE_LOOP('',(#413,#414,#415,#416));
#413 = ORIENTED_EDGE('',*,*,#387,.F.);
#414 = ORIENTED_EDGE('',*,*,#363,.T.);
#415 = ORIENTED_EDGE('',*,*,#296,.T.);
#416 = ORIENTED_EDGE('',*,*,#251,.F.);
#417 = PLANE('',#418);
#418 = AXIS2_PLACEMENT_3D('',#419,#420,#421);
#419 = CARTESIAN_POINT('',(0.3175,13.7795,0.254));
#420 = DIRECTION('',(0.,0.316227766017,0.948683298051));
#421 = DIRECTION('',(-1.,-0.,0.));
#422 = ( GEOMETRIC_REPRESENTATION_CONTEXT(3) 
GLOBAL_UNCERTAINTY_ASSIGNED_CONTEXT((#426)) GLOBAL_UNIT_ASSIGNED_CONTEXT
((#423,#424,#425)) REPRESENTATION_CONTEXT('Context #1',
  '3D Context with UNIT and UNCERTAINTY') );
#423 = ( LENGTH_UNIT() NAMED_UNIT(*) SI_UNIT(.MILLI.,.METRE.) );
#424 = ( NAMED_UNIT(*) PLANE_ANGLE_UNIT() SI_UNIT($,.RADIAN.) );
#425 = ( NAMED_UNIT(*) SI_UNIT($,.STERADIAN.) SOLID_ANGLE_UNIT() );
#426 = UNCERTAINTY_MEASURE_WITH_UNIT(LENGTH_MEASURE(1.E-07),#423,
  'distance_accuracy_value','confusion accuracy');
#427 = CONTEXT_DEPENDENT_SHAPE_REPRESENTATION(#428,#430);
#428 = ( REPRESENTATION_RELATIONSHIP('','',#79,#36) 
REPRESENTATION_RELATIONSHIP_WITH_TRANSFORMATION(#429) 
SHAPE_REPRESENTATION_RELATIONSHIP() );
#429 = ITEM_DEFINED_TRANSFORMATION('','',#11,#37);
#430 = PRODUCT_DEFINITION_SHAPE('Placement','Placement of an item',#431
  );
#431 = NEXT_ASSEMBLY_USAGE_OCCURRENCE('560','0','',#31,#74,$);
#432 = PRODUCT_RELATED_PRODUCT_CATEGORY('part',$,(#76));
#433 = CONTEXT_DEPENDENT_SHAPE_REPRESENTATION(#434,#436);
#434 = ( REPRESENTATION_RELATIONSHIP('','',#79,#36) 
REPRESENTATION_RELATIONSHIP_WITH_TRANSFORMATION(#435) 
SHAPE_REPRESENTATION_RELATIONSHIP() );
#435 = ITEM_DEFINED_TRANSFORMATION('','',#11,#41);
#436 = PRODUCT_DEFINITION_SHAPE('Placement','Placement of an item',#437
  );
#437 = NEXT_ASSEMBLY_USAGE_OCCURRENCE('561','1','',#31,#74,$);
#438 = CONTEXT_DEPENDENT_SHAPE_REPRESENTATION(#439,#441);
#439 = ( REPRESENTATION_RELATIONSHIP('','',#79,#36) 
REPRESENTATION_RELATIONSHIP_WITH_TRANSFORMATION(#440) 
SHAPE_REPRESENTATION_RELATIONSHIP() );
#440 = ITEM_DEFINED_TRANSFORMATION('','',#11,#45);
#441 = PRODUCT_DEFINITION_SHAPE('Placement','Placement of an item',#442
  );
#442 = NEXT_ASSEMBLY_USAGE_OCCURRENCE('562','2','',#31,#74,$);
#443 = CONTEXT_DEPENDENT_SHAPE_REPRESENTATION(#444,#446);
#444 = ( REPRESENTATION_RELATIONSHIP('','',#79,#36) 
REPRESENTATION_RELATIONSHIP_WITH_TRANSFORMATION(#445) 
SHAPE_REPRESENTATION_RELATIONSHIP() );
#445 = ITEM_DEFINED_TRANSFORMATION('','',#11,#49);
#446 = PRODUCT_DEFINITION_SHAPE('Placement','Placement of an item',#447
  );
#447 = NEXT_ASSEMBLY_USAGE_OCCURRENCE('563','3','',#31,#74,$);
#448 = CONTEXT_DEPENDENT_SHAPE_REPRESENTATION(#449,#451);
#449 = ( REPRESENTATION_RELATIONSHIP('','',#79,#36) 
REPRESENTATION_RELATIONSHIP_WITH_TRANSFORMATION(#450) 
SHAPE_REPRESENTATION_RELATIONSHIP() );
#450 = ITEM_DEFINED_TRANSFORMATION('','',#11,#53);
#451 = PRODUCT_DEFINITION_SHAPE('Placement','Placement of an item',#452
  );
#452 = NEXT_ASSEMBLY_USAGE_OCCURRENCE('564','4','',#31,#74,$);
#453 = CONTEXT_DEPENDENT_SHAPE_REPRESENTATION(#454,#456);
#454 = ( REPRESENTATION_RELATIONSHIP('','',#79,#36) 
REPRESENTATION_RELATIONSHIP_WITH_TRANSFORMATION(#455) 
SHAPE_REPRESENTATION_RELATIONSHIP() );
#455 = ITEM_DEFINED_TRANSFORMATION('','',#11,#57);
#456 = PRODUCT_DEFINITION_SHAPE('Placement','Placement of an item',#457
  );
#457 = NEXT_ASSEMBLY_USAGE_OCCURRENCE('565','5','',#31,#74,$);
#458 = SHAPE_DEFINITION_REPRESENTATION(#459,#465);
#459 = PRODUCT_DEFINITION_SHAPE('','',#460);
#460 = PRODUCT_DEFINITION('design','',#461,#464);
#461 = PRODUCT_DEFINITION_FORMATION('','',#462);
#462 = PRODUCT('Body','Body','',(#463));
#463 = PRODUCT_CONTEXT('',#2,'mechanical');
#464 = PRODUCT_DEFINITION_CONTEXT('part definition',#2,'design');
#465 = ADVANCED_BREP_SHAPE_REPRESENTATION('',(#11,#466),#2904);
#466 = MANIFOLD_SOLID_BREP('',#467);
#467 = CLOSED_SHELL('',(#468,#516,#549,#984,#1063,#1096,#1129,#1146,
    #1170,#1194,#1218,#1292,#1317,#1349,#1373,#1398,#1429,#1453,#1477,
    #1494,#1525,#1549,#1573,#1590,#1621,#1645,#1669,#1686,#1717,#1741,
    #1765,#1782,#1813,#1837,#1861,#1878,#1909,#1933,#1957,#1974,#2005,
    #2029,#2053,#2070,#2101,#2125,#2149,#2166,#2197,#2221,#2245,#2262,
    #2293,#2317,#2341,#2358,#2375,#2449,#2473,#2497,#2514,#2605,#2622,
    #2663,#2713,#2752,#2769,#2781,#2798,#2841,#2858,#2875,#2892));
#468 = ADVANCED_FACE('',(#469),#511,.T.);
#469 = FACE_BOUND('',#470,.T.);
#470 = EDGE_LOOP('',(#471,#481,#489,#497,#505));
#471 = ORIENTED_EDGE('',*,*,#472,.T.);
#472 = EDGE_CURVE('',#473,#475,#477,.T.);
#473 = VERTEX_POINT('',#474);
#474 = CARTESIAN_POINT('',(-13.97,0.3048,2.54));
#475 = VERTEX_POINT('',#476);
#476 = CARTESIAN_POINT('',(1.27,0.3048,2.54));
#477 = LINE('',#478,#479);
#478 = CARTESIAN_POINT('',(-13.97,0.3048,2.54));
#479 = VECTOR('',#480,1.);
#480 = DIRECTION('',(1.,1.665334536938E-16,3.885780586188E-16));
#481 = ORIENTED_EDGE('',*,*,#482,.T.);
#482 = EDGE_CURVE('',#475,#483,#485,.T.);
#483 = VERTEX_POINT('',#484);
#484 = CARTESIAN_POINT('',(1.27,2.921,2.54));
#485 = LINE('',#486,#487);
#486 = CARTESIAN_POINT('',(1.27,0.3048,2.54));
#487 = VECTOR('',#488,1.);
#488 = DIRECTION('',(4.440892098501E-16,1.,2.22044604925E-16));
#489 = ORIENTED_EDGE('',*,*,#490,.F.);
#490 = EDGE_CURVE('',#491,#483,#493,.T.);
#491 = VERTEX_POINT('',#492);
#492 = CARTESIAN_POINT('',(7.579770144872E-16,2.921,2.54));
#493 = LINE('',#494,#495);
#494 = CARTESIAN_POINT('',(-13.97,2.921,2.54));
#495 = VECTOR('',#496,1.);
#496 = DIRECTION('',(1.,1.665334536938E-16,3.885780586188E-16));
#497 = ORIENTED_EDGE('',*,*,#498,.F.);
#498 = EDGE_CURVE('',#499,#491,#501,.T.);
#499 = VERTEX_POINT('',#500);
#500 = CARTESIAN_POINT('',(-13.97,2.921,2.54));
#501 = LINE('',#502,#503);
#502 = CARTESIAN_POINT('',(-13.97,2.921,2.54));
#503 = VECTOR('',#504,1.);
#504 = DIRECTION('',(1.,1.665334536938E-16,3.885780586188E-16));
#505 = ORIENTED_EDGE('',*,*,#506,.F.);
#506 = EDGE_CURVE('',#473,#499,#507,.T.);
#507 = LINE('',#508,#509);
#508 = CARTESIAN_POINT('',(-13.97,0.3048,2.54));
#509 = VECTOR('',#510,1.);
#510 = DIRECTION('',(4.440892098501E-16,1.,2.22044604925E-16));
#511 = PLANE('',#512);
#512 = AXIS2_PLACEMENT_3D('',#513,#514,#515);
#513 = CARTESIAN_POINT('',(-13.97,0.3048,2.54));
#514 = DIRECTION('',(1.110223024625E-16,3.330669073875E-16,1.));
#515 = DIRECTION('',(3.885780586188E-16,1.,1.665334536938E-16));
#516 = ADVANCED_FACE('',(#517),#544,.T.);
#517 = FACE_BOUND('',#518,.F.);
#518 = EDGE_LOOP('',(#519,#520,#529,#537));
#519 = ORIENTED_EDGE('',*,*,#472,.T.);
#520 = ORIENTED_EDGE('',*,*,#521,.T.);
#521 = EDGE_CURVE('',#475,#522,#524,.T.);
#522 = VERTEX_POINT('',#523);
#523 = CARTESIAN_POINT('',(1.27,0.3048,1.9304));
#524 = CIRCLE('',#525,0.3048);
#525 = AXIS2_PLACEMENT_3D('',#526,#527,#528);
#526 = CARTESIAN_POINT('',(1.27,0.3048,2.2352));
#527 = DIRECTION('',(1.,-4.440892098501E-16,-2.22044604925E-16));
#528 = DIRECTION('',(4.440892098501E-16,1.,2.22044604925E-16));
#529 = ORIENTED_EDGE('',*,*,#530,.F.);
#530 = EDGE_CURVE('',#531,#522,#533,.T.);
#531 = VERTEX_POINT('',#532);
#532 = CARTESIAN_POINT('',(-13.97,0.3048,1.9304));
#533 = LINE('',#534,#535);
#534 = CARTESIAN_POINT('',(-13.97,0.3048,1.9304));
#535 = VECTOR('',#536,1.);
#536 = DIRECTION('',(1.,1.665334536938E-16,3.885780586188E-16));
#537 = ORIENTED_EDGE('',*,*,#538,.F.);
#538 = EDGE_CURVE('',#473,#531,#539,.T.);
#539 = CIRCLE('',#540,0.3048);
#540 = AXIS2_PLACEMENT_3D('',#541,#542,#543);
#541 = CARTESIAN_POINT('',(-13.97,0.3048,2.2352));
#542 = DIRECTION('',(1.,-4.440892098501E-16,-2.22044604925E-16));
#543 = DIRECTION('',(4.440892098501E-16,1.,2.22044604925E-16));
#544 = CYLINDRICAL_SURFACE('',#545,0.3048);
#545 = AXIS2_PLACEMENT_3D('',#546,#547,#548);
#546 = CARTESIAN_POINT('',(-13.97,0.3048,2.2352));
#547 = DIRECTION('',(-1.,-1.110223024625E-16,-3.330669073875E-16));
#548 = DIRECTION('',(3.885780586188E-16,1.,1.665334536938E-16));
#549 = ADVANCED_FACE('',(#550,#639,#673,#707,#741,#775,#809,#843,#877,
    #911,#945),#979,.T.);
#550 = FACE_BOUND('',#551,.T.);
#551 = EDGE_LOOP('',(#552,#560,#561,#569,#577,#585,#593,#601,#609,#617,
    #625,#633));
#552 = ORIENTED_EDGE('',*,*,#553,.F.);
#553 = EDGE_CURVE('',#499,#554,#556,.T.);
#554 = VERTEX_POINT('',#555);
#555 = CARTESIAN_POINT('',(-13.97,2.921,0.9525));
#556 = LINE('',#557,#558);
#557 = CARTESIAN_POINT('',(-13.97,2.921,2.54));
#558 = VECTOR('',#559,1.);
#559 = DIRECTION('',(-2.22044604925E-16,-4.440892098501E-16,-1.));
#560 = ORIENTED_EDGE('',*,*,#498,.T.);
#561 = ORIENTED_EDGE('',*,*,#562,.F.);
#562 = EDGE_CURVE('',#563,#491,#565,.T.);
#563 = VERTEX_POINT('',#564);
#564 = CARTESIAN_POINT('',(7.579770144872E-16,2.921,0.3175));
#565 = LINE('',#566,#567);
#566 = CARTESIAN_POINT('',(8.881784197001E-16,2.921,-4.5212));
#567 = VECTOR('',#568,1.);
#568 = DIRECTION('',(1.110223024625E-16,2.22044604925E-16,1.));
#569 = ORIENTED_EDGE('',*,*,#570,.F.);
#570 = EDGE_CURVE('',#571,#563,#573,.T.);
#571 = VERTEX_POINT('',#572);
#572 = CARTESIAN_POINT('',(-0.3175,2.921,0.3175));
#573 = LINE('',#574,#575);
#574 = CARTESIAN_POINT('',(-6.82625,2.921,0.3175));
#575 = VECTOR('',#576,1.);
#576 = DIRECTION('',(1.,5.551115123126E-17,2.775557561563E-16));
#577 = ORIENTED_EDGE('',*,*,#578,.F.);
#578 = EDGE_CURVE('',#579,#571,#581,.T.);
#579 = VERTEX_POINT('',#580);
#580 = CARTESIAN_POINT('',(-0.3175,2.921,-0.3175));
#581 = LINE('',#582,#583);
#582 = CARTESIAN_POINT('',(-0.3175,2.921,1.42875));
#583 = VECTOR('',#584,1.);
#584 = DIRECTION('',(1.110223024625E-16,2.775557561563E-16,1.));
#585 = ORIENTED_EDGE('',*,*,#586,.F.);
#586 = EDGE_CURVE('',#587,#579,#589,.T.);
#587 = VERTEX_POINT('',#588);
#588 = CARTESIAN_POINT('',(7.579770144872E-16,2.921,-0.3175));
#589 = LINE('',#590,#591);
#590 = CARTESIAN_POINT('',(-7.14375,2.921,-0.3175));
#591 = VECTOR('',#592,1.);
#592 = DIRECTION('',(-1.,-5.551115123126E-17,-2.775557561563E-16));
#593 = ORIENTED_EDGE('',*,*,#594,.F.);
#594 = EDGE_CURVE('',#595,#587,#597,.T.);
#595 = VERTEX_POINT('',#596);
#596 = CARTESIAN_POINT('',(7.579770144872E-16,2.921,-1.9304));
#597 = LINE('',#598,#599);
#598 = CARTESIAN_POINT('',(8.881784197001E-16,2.921,-4.5212));
#599 = VECTOR('',#600,1.);
#600 = DIRECTION('',(1.110223024625E-16,2.22044604925E-16,1.));
#601 = ORIENTED_EDGE('',*,*,#602,.F.);
#602 = EDGE_CURVE('',#603,#595,#605,.T.);
#603 = VERTEX_POINT('',#604);
#604 = CARTESIAN_POINT('',(-13.97,2.921,-1.9304));
#605 = LINE('',#606,#607);
#606 = CARTESIAN_POINT('',(-13.97,2.921,-1.9304));
#607 = VECTOR('',#608,1.);
#608 = DIRECTION('',(1.,1.665334536938E-16,3.885780586188E-16));
#609 = ORIENTED_EDGE('',*,*,#610,.F.);
#610 = EDGE_CURVE('',#611,#603,#613,.T.);
#611 = VERTEX_POINT('',#612);
#612 = CARTESIAN_POINT('',(-13.97,2.921,-0.9525));
#613 = LINE('',#614,#615);
#614 = CARTESIAN_POINT('',(-13.97,2.921,2.54));
#615 = VECTOR('',#616,1.);
#616 = DIRECTION('',(-2.22044604925E-16,-4.440892098501E-16,-1.));
#617 = ORIENTED_EDGE('',*,*,#618,.F.);
#618 = EDGE_CURVE('',#619,#611,#621,.T.);
#619 = VERTEX_POINT('',#620);
#620 = CARTESIAN_POINT('',(-13.716,2.921,-0.9525));
#621 = LINE('',#622,#623);
#622 = CARTESIAN_POINT('',(-13.716,2.921,-0.9525));
#623 = VECTOR('',#624,1.);
#624 = DIRECTION('',(-1.,-1.665334536938E-16,-1.665334536938E-16));
#625 = ORIENTED_EDGE('',*,*,#626,.F.);
#626 = EDGE_CURVE('',#627,#619,#629,.T.);
#627 = VERTEX_POINT('',#628);
#628 = CARTESIAN_POINT('',(-13.716,2.921,0.9525));
#629 = LINE('',#630,#631);
#630 = CARTESIAN_POINT('',(-13.716,2.921,0.9525));
#631 = VECTOR('',#632,1.);
#632 = DIRECTION('',(-1.665334536938E-16,-1.665334536938E-16,-1.));
#633 = ORIENTED_EDGE('',*,*,#634,.F.);
#634 = EDGE_CURVE('',#554,#627,#635,.T.);
#635 = LINE('',#636,#637);
#636 = CARTESIAN_POINT('',(-14.224,2.921,0.9525));
#637 = VECTOR('',#638,1.);
#638 = DIRECTION('',(1.,1.665334536938E-16,1.665334536938E-16));
#639 = FACE_BOUND('',#640,.T.);
#640 = EDGE_LOOP('',(#641,#651,#659,#667));
#641 = ORIENTED_EDGE('',*,*,#642,.F.);
#642 = EDGE_CURVE('',#643,#645,#647,.T.);
#643 = VERTEX_POINT('',#644);
#644 = CARTESIAN_POINT('',(-1.524,2.921,-0.9525));
#645 = VERTEX_POINT('',#646);
#646 = CARTESIAN_POINT('',(-1.524,2.921,0.9525));
#647 = LINE('',#648,#649);
#648 = CARTESIAN_POINT('',(-1.524,2.921,-0.9525));
#649 = VECTOR('',#650,1.);
#650 = DIRECTION('',(1.665334536938E-16,1.665334536938E-16,1.));
#651 = ORIENTED_EDGE('',*,*,#652,.F.);
#652 = EDGE_CURVE('',#653,#643,#655,.T.);
#653 = VERTEX_POINT('',#654);
#654 = CARTESIAN_POINT('',(-1.016,2.921,-0.9525));
#655 = LINE('',#656,#657);
#656 = CARTESIAN_POINT('',(-1.016,2.921,-0.9525));
#657 = VECTOR('',#658,1.);
#658 = DIRECTION('',(-1.,-1.665334536938E-16,-1.665334536938E-16));
#659 = ORIENTED_EDGE('',*,*,#660,.F.);
#660 = EDGE_CURVE('',#661,#653,#663,.T.);
#661 = VERTEX_POINT('',#662);
#662 = CARTESIAN_POINT('',(-1.016,2.921,0.9525));
#663 = LINE('',#664,#665);
#664 = CARTESIAN_POINT('',(-1.016,2.921,0.9525));
#665 = VECTOR('',#666,1.);
#666 = DIRECTION('',(-1.665334536938E-16,-1.665334536938E-16,-1.));
#667 = ORIENTED_EDGE('',*,*,#668,.F.);
#668 = EDGE_CURVE('',#645,#661,#669,.T.);
#669 = LINE('',#670,#671);
#670 = CARTESIAN_POINT('',(-1.524,2.921,0.9525));
#671 = VECTOR('',#672,1.);
#672 = DIRECTION('',(1.,1.665334536938E-16,1.665334536938E-16));
#673 = FACE_BOUND('',#674,.T.);
#674 = EDGE_LOOP('',(#675,#685,#693,#701));
#675 = ORIENTED_EDGE('',*,*,#676,.F.);
#676 = EDGE_CURVE('',#677,#679,#681,.T.);
#677 = VERTEX_POINT('',#678);
#678 = CARTESIAN_POINT('',(-2.2225,2.921,-0.3175));
#679 = VERTEX_POINT('',#680);
#680 = CARTESIAN_POINT('',(-2.8575,2.921,-0.3175));
#681 = LINE('',#682,#683);
#682 = CARTESIAN_POINT('',(-8.41375,2.921,-0.3175));
#683 = VECTOR('',#684,1.);
#684 = DIRECTION('',(-1.,5.551115123126E-17,-1.110223024625E-16));
#685 = ORIENTED_EDGE('',*,*,#686,.F.);
#686 = EDGE_CURVE('',#687,#677,#689,.T.);
#687 = VERTEX_POINT('',#688);
#688 = CARTESIAN_POINT('',(-2.2225,2.921,0.3175));
#689 = LINE('',#690,#691);
#690 = CARTESIAN_POINT('',(-2.2225,2.921,1.11125));
#691 = VECTOR('',#692,1.);
#692 = DIRECTION('',(-5.551115123126E-17,-1.665334536938E-16,-1.));
#693 = ORIENTED_EDGE('',*,*,#694,.F.);
#694 = EDGE_CURVE('',#695,#687,#697,.T.);
#695 = VERTEX_POINT('',#696);
#696 = CARTESIAN_POINT('',(-2.8575,2.921,0.3175));
#697 = LINE('',#698,#699);
#698 = CARTESIAN_POINT('',(-8.09625,2.921,0.3175));
#699 = VECTOR('',#700,1.);
#700 = DIRECTION('',(1.,-5.551115123126E-17,1.110223024625E-16));
#701 = ORIENTED_EDGE('',*,*,#702,.F.);
#702 = EDGE_CURVE('',#679,#695,#703,.T.);
#703 = LINE('',#704,#705);
#704 = CARTESIAN_POINT('',(-2.8575,2.921,1.42875));
#705 = VECTOR('',#706,1.);
#706 = DIRECTION('',(5.551115123126E-17,1.665334536938E-16,1.));
#707 = FACE_BOUND('',#708,.T.);
#708 = EDGE_LOOP('',(#709,#719,#727,#735));
#709 = ORIENTED_EDGE('',*,*,#710,.F.);
#710 = EDGE_CURVE('',#711,#713,#715,.T.);
#711 = VERTEX_POINT('',#712);
#712 = CARTESIAN_POINT('',(-4.064,2.921,-0.9525));
#713 = VERTEX_POINT('',#714);
#714 = CARTESIAN_POINT('',(-4.064,2.921,0.9525));
#715 = LINE('',#716,#717);
#716 = CARTESIAN_POINT('',(-4.064,2.921,-0.9525));
#717 = VECTOR('',#718,1.);
#718 = DIRECTION('',(1.665334536938E-16,1.665334536938E-16,1.));
#719 = ORIENTED_EDGE('',*,*,#720,.F.);
#720 = EDGE_CURVE('',#721,#711,#723,.T.);
#721 = VERTEX_POINT('',#722);
#722 = CARTESIAN_POINT('',(-3.556,2.921,-0.9525));
#723 = LINE('',#724,#725);
#724 = CARTESIAN_POINT('',(-3.556,2.921,-0.9525));
#725 = VECTOR('',#726,1.);
#726 = DIRECTION('',(-1.,-1.665334536938E-16,-1.665334536938E-16));
#727 = ORIENTED_EDGE('',*,*,#728,.F.);
#728 = EDGE_CURVE('',#729,#721,#731,.T.);
#729 = VERTEX_POINT('',#730);
#730 = CARTESIAN_POINT('',(-3.556,2.921,0.9525));
#731 = LINE('',#732,#733);
#732 = CARTESIAN_POINT('',(-3.556,2.921,0.9525));
#733 = VECTOR('',#734,1.);
#734 = DIRECTION('',(-1.665334536938E-16,-1.665334536938E-16,-1.));
#735 = ORIENTED_EDGE('',*,*,#736,.F.);
#736 = EDGE_CURVE('',#713,#729,#737,.T.);
#737 = LINE('',#738,#739);
#738 = CARTESIAN_POINT('',(-4.064,2.921,0.9525));
#739 = VECTOR('',#740,1.);
#740 = DIRECTION('',(1.,1.665334536938E-16,1.665334536938E-16));
#741 = FACE_BOUND('',#742,.T.);
#742 = EDGE_LOOP('',(#743,#753,#761,#769));
#743 = ORIENTED_EDGE('',*,*,#744,.F.);
#744 = EDGE_CURVE('',#745,#747,#749,.T.);
#745 = VERTEX_POINT('',#746);
#746 = CARTESIAN_POINT('',(-4.7625,2.921,-0.3175));
#747 = VERTEX_POINT('',#748);
#748 = CARTESIAN_POINT('',(-5.3975,2.921,-0.3175));
#749 = LINE('',#750,#751);
#750 = CARTESIAN_POINT('',(-9.68375,2.921,-0.3175));
#751 = VECTOR('',#752,1.);
#752 = DIRECTION('',(-1.,5.551115123126E-17,-1.110223024625E-16));
#753 = ORIENTED_EDGE('',*,*,#754,.F.);
#754 = EDGE_CURVE('',#755,#745,#757,.T.);
#755 = VERTEX_POINT('',#756);
#756 = CARTESIAN_POINT('',(-4.7625,2.921,0.3175));
#757 = LINE('',#758,#759);
#758 = CARTESIAN_POINT('',(-4.7625,2.921,1.11125));
#759 = VECTOR('',#760,1.);
#760 = DIRECTION('',(-5.551115123126E-17,-1.665334536938E-16,-1.));
#761 = ORIENTED_EDGE('',*,*,#762,.F.);
#762 = EDGE_CURVE('',#763,#755,#765,.T.);
#763 = VERTEX_POINT('',#764);
#764 = CARTESIAN_POINT('',(-5.3975,2.921,0.3175));
#765 = LINE('',#766,#767);
#766 = CARTESIAN_POINT('',(-9.36625,2.921,0.3175));
#767 = VECTOR('',#768,1.);
#768 = DIRECTION('',(1.,-5.551115123126E-17,1.110223024625E-16));
#769 = ORIENTED_EDGE('',*,*,#770,.F.);
#770 = EDGE_CURVE('',#747,#763,#771,.T.);
#771 = LINE('',#772,#773);
#772 = CARTESIAN_POINT('',(-5.3975,2.921,1.42875));
#773 = VECTOR('',#774,1.);
#774 = DIRECTION('',(5.551115123126E-17,1.665334536938E-16,1.));
#775 = FACE_BOUND('',#776,.T.);
#776 = EDGE_LOOP('',(#777,#787,#795,#803));
#777 = ORIENTED_EDGE('',*,*,#778,.F.);
#778 = EDGE_CURVE('',#779,#781,#783,.T.);
#779 = VERTEX_POINT('',#780);
#780 = CARTESIAN_POINT('',(-6.604,2.921,-0.9525));
#781 = VERTEX_POINT('',#782);
#782 = CARTESIAN_POINT('',(-6.604,2.921,0.9525));
#783 = LINE('',#784,#785);
#784 = CARTESIAN_POINT('',(-6.604,2.921,-0.9525));
#785 = VECTOR('',#786,1.);
#786 = DIRECTION('',(1.665334536938E-16,1.665334536938E-16,1.));
#787 = ORIENTED_EDGE('',*,*,#788,.F.);
#788 = EDGE_CURVE('',#789,#779,#791,.T.);
#789 = VERTEX_POINT('',#790);
#790 = CARTESIAN_POINT('',(-6.096,2.921,-0.9525));
#791 = LINE('',#792,#793);
#792 = CARTESIAN_POINT('',(-6.096,2.921,-0.9525));
#793 = VECTOR('',#794,1.);
#794 = DIRECTION('',(-1.,-1.665334536938E-16,-1.665334536938E-16));
#795 = ORIENTED_EDGE('',*,*,#796,.F.);
#796 = EDGE_CURVE('',#797,#789,#799,.T.);
#797 = VERTEX_POINT('',#798);
#798 = CARTESIAN_POINT('',(-6.096,2.921,0.9525));
#799 = LINE('',#800,#801);
#800 = CARTESIAN_POINT('',(-6.096,2.921,0.9525));
#801 = VECTOR('',#802,1.);
#802 = DIRECTION('',(-1.665334536938E-16,-1.665334536938E-16,-1.));
#803 = ORIENTED_EDGE('',*,*,#804,.F.);
#804 = EDGE_CURVE('',#781,#797,#805,.T.);
#805 = LINE('',#806,#807);
#806 = CARTESIAN_POINT('',(-6.604,2.921,0.9525));
#807 = VECTOR('',#808,1.);
#808 = DIRECTION('',(1.,1.665334536938E-16,1.665334536938E-16));
#809 = FACE_BOUND('',#810,.T.);
#810 = EDGE_LOOP('',(#811,#821,#829,#837));
#811 = ORIENTED_EDGE('',*,*,#812,.F.);
#812 = EDGE_CURVE('',#813,#815,#817,.T.);
#813 = VERTEX_POINT('',#814);
#814 = CARTESIAN_POINT('',(-7.3025,2.921,-0.3175));
#815 = VERTEX_POINT('',#816);
#816 = CARTESIAN_POINT('',(-7.9375,2.921,-0.3175));
#817 = LINE('',#818,#819);
#818 = CARTESIAN_POINT('',(-10.95375,2.921,-0.3175));
#819 = VECTOR('',#820,1.);
#820 = DIRECTION('',(-1.,5.551115123126E-17,-1.110223024625E-16));
#821 = ORIENTED_EDGE('',*,*,#822,.F.);
#822 = EDGE_CURVE('',#823,#813,#825,.T.);
#823 = VERTEX_POINT('',#824);
#824 = CARTESIAN_POINT('',(-7.3025,2.921,0.3175));
#825 = LINE('',#826,#827);
#826 = CARTESIAN_POINT('',(-7.3025,2.921,1.11125));
#827 = VECTOR('',#828,1.);
#828 = DIRECTION('',(-5.551115123126E-17,-1.665334536938E-16,-1.));
#829 = ORIENTED_EDGE('',*,*,#830,.F.);
#830 = EDGE_CURVE('',#831,#823,#833,.T.);
#831 = VERTEX_POINT('',#832);
#832 = CARTESIAN_POINT('',(-7.9375,2.921,0.3175));
#833 = LINE('',#834,#835);
#834 = CARTESIAN_POINT('',(-10.63625,2.921,0.3175));
#835 = VECTOR('',#836,1.);
#836 = DIRECTION('',(1.,-5.551115123126E-17,1.110223024625E-16));
#837 = ORIENTED_EDGE('',*,*,#838,.F.);
#838 = EDGE_CURVE('',#815,#831,#839,.T.);
#839 = LINE('',#840,#841);
#840 = CARTESIAN_POINT('',(-7.9375,2.921,1.42875));
#841 = VECTOR('',#842,1.);
#842 = DIRECTION('',(5.551115123126E-17,1.665334536938E-16,1.));
#843 = FACE_BOUND('',#844,.T.);
#844 = EDGE_LOOP('',(#845,#855,#863,#871));
#845 = ORIENTED_EDGE('',*,*,#846,.F.);
#846 = EDGE_CURVE('',#847,#849,#851,.T.);
#847 = VERTEX_POINT('',#848);
#848 = CARTESIAN_POINT('',(-9.8425,2.921,-0.3175));
#849 = VERTEX_POINT('',#850);
#850 = CARTESIAN_POINT('',(-10.4775,2.921,-0.3175));
#851 = LINE('',#852,#853);
#852 = CARTESIAN_POINT('',(-12.22375,2.921,-0.3175));
#853 = VECTOR('',#854,1.);
#854 = DIRECTION('',(-1.,5.551115123126E-17,-1.110223024625E-16));
#855 = ORIENTED_EDGE('',*,*,#856,.F.);
#856 = EDGE_CURVE('',#857,#847,#859,.T.);
#857 = VERTEX_POINT('',#858);
#858 = CARTESIAN_POINT('',(-9.8425,2.921,0.3175));
#859 = LINE('',#860,#861);
#860 = CARTESIAN_POINT('',(-9.8425,2.921,1.11125));
#861 = VECTOR('',#862,1.);
#862 = DIRECTION('',(-5.551115123126E-17,-1.665334536938E-16,-1.));
#863 = ORIENTED_EDGE('',*,*,#864,.F.);
#864 = EDGE_CURVE('',#865,#857,#867,.T.);
#865 = VERTEX_POINT('',#866);
#866 = CARTESIAN_POINT('',(-10.4775,2.921,0.3175));
#867 = LINE('',#868,#869);
#868 = CARTESIAN_POINT('',(-11.90625,2.921,0.3175));
#869 = VECTOR('',#870,1.);
#870 = DIRECTION('',(1.,-5.551115123126E-17,1.110223024625E-16));
#871 = ORIENTED_EDGE('',*,*,#872,.F.);
#872 = EDGE_CURVE('',#849,#865,#873,.T.);
#873 = LINE('',#874,#875);
#874 = CARTESIAN_POINT('',(-10.4775,2.921,1.42875));
#875 = VECTOR('',#876,1.);
#876 = DIRECTION('',(5.551115123126E-17,1.665334536938E-16,1.));
#877 = FACE_BOUND('',#878,.T.);
#878 = EDGE_LOOP('',(#879,#889,#897,#905));
#879 = ORIENTED_EDGE('',*,*,#880,.F.);
#880 = EDGE_CURVE('',#881,#883,#885,.T.);
#881 = VERTEX_POINT('',#882);
#882 = CARTESIAN_POINT('',(-12.3825,2.921,-0.3175));
#883 = VERTEX_POINT('',#884);
#884 = CARTESIAN_POINT('',(-13.0175,2.921,-0.3175));
#885 = LINE('',#886,#887);
#886 = CARTESIAN_POINT('',(-13.49375,2.921,-0.3175));
#887 = VECTOR('',#888,1.);
#888 = DIRECTION('',(-1.,5.551115123126E-17,-1.110223024625E-16));
#889 = ORIENTED_EDGE('',*,*,#890,.F.);
#890 = EDGE_CURVE('',#891,#881,#893,.T.);
#891 = VERTEX_POINT('',#892);
#892 = CARTESIAN_POINT('',(-12.3825,2.921,0.3175));
#893 = LINE('',#894,#895);
#894 = CARTESIAN_POINT('',(-12.3825,2.921,1.11125));
#895 = VECTOR('',#896,1.);
#896 = DIRECTION('',(-5.551115123126E-17,-1.665334536938E-16,-1.));
#897 = ORIENTED_EDGE('',*,*,#898,.F.);
#898 = EDGE_CURVE('',#899,#891,#901,.T.);
#899 = VERTEX_POINT('',#900);
#900 = CARTESIAN_POINT('',(-13.0175,2.921,0.3175));
#901 = LINE('',#902,#903);
#902 = CARTESIAN_POINT('',(-13.17625,2.921,0.3175));
#903 = VECTOR('',#904,1.);
#904 = DIRECTION('',(1.,-5.551115123126E-17,1.110223024625E-16));
#905 = ORIENTED_EDGE('',*,*,#906,.F.);
#906 = EDGE_CURVE('',#883,#899,#907,.T.);
#907 = LINE('',#908,#909);
#908 = CARTESIAN_POINT('',(-13.0175,2.921,1.42875));
#909 = VECTOR('',#910,1.);
#910 = DIRECTION('',(5.551115123126E-17,1.665334536938E-16,1.));
#911 = FACE_BOUND('',#912,.T.);
#912 = EDGE_LOOP('',(#913,#923,#931,#939));
#913 = ORIENTED_EDGE('',*,*,#914,.F.);
#914 = EDGE_CURVE('',#915,#917,#919,.T.);
#915 = VERTEX_POINT('',#916);
#916 = CARTESIAN_POINT('',(-9.144,2.921,-0.9525));
#917 = VERTEX_POINT('',#918);
#918 = CARTESIAN_POINT('',(-9.144,2.921,0.9525));
#919 = LINE('',#920,#921);
#920 = CARTESIAN_POINT('',(-9.144,2.921,-0.9525));
#921 = VECTOR('',#922,1.);
#922 = DIRECTION('',(1.665334536938E-16,1.665334536938E-16,1.));
#923 = ORIENTED_EDGE('',*,*,#924,.F.);
#924 = EDGE_CURVE('',#925,#915,#927,.T.);
#925 = VERTEX_POINT('',#926);
#926 = CARTESIAN_POINT('',(-8.636,2.921,-0.9525));
#927 = LINE('',#928,#929);
#928 = CARTESIAN_POINT('',(-8.636,2.921,-0.9525));
#929 = VECTOR('',#930,1.);
#930 = DIRECTION('',(-1.,-1.665334536938E-16,-1.665334536938E-16));
#931 = ORIENTED_EDGE('',*,*,#932,.F.);
#932 = EDGE_CURVE('',#933,#925,#935,.T.);
#933 = VERTEX_POINT('',#934);
#934 = CARTESIAN_POINT('',(-8.636,2.921,0.9525));
#935 = LINE('',#936,#937);
#936 = CARTESIAN_POINT('',(-8.636,2.921,0.9525));
#937 = VECTOR('',#938,1.);
#938 = DIRECTION('',(-1.665334536938E-16,-1.665334536938E-16,-1.));
#939 = ORIENTED_EDGE('',*,*,#940,.F.);
#940 = EDGE_CURVE('',#917,#933,#941,.T.);
#941 = LINE('',#942,#943);
#942 = CARTESIAN_POINT('',(-9.144,2.921,0.9525));
#943 = VECTOR('',#944,1.);
#944 = DIRECTION('',(1.,1.665334536938E-16,1.665334536938E-16));
#945 = FACE_BOUND('',#946,.T.);
#946 = EDGE_LOOP('',(#947,#957,#965,#973));
#947 = ORIENTED_EDGE('',*,*,#948,.F.);
#948 = EDGE_CURVE('',#949,#951,#953,.T.);
#949 = VERTEX_POINT('',#950);
#950 = CARTESIAN_POINT('',(-11.684,2.921,-0.9525));
#951 = VERTEX_POINT('',#952);
#952 = CARTESIAN_POINT('',(-11.684,2.921,0.9525));
#953 = LINE('',#954,#955);
#954 = CARTESIAN_POINT('',(-11.684,2.921,-0.9525));
#955 = VECTOR('',#956,1.);
#956 = DIRECTION('',(1.665334536938E-16,1.665334536938E-16,1.));
#957 = ORIENTED_EDGE('',*,*,#958,.F.);
#958 = EDGE_CURVE('',#959,#949,#961,.T.);
#959 = VERTEX_POINT('',#960);
#960 = CARTESIAN_POINT('',(-11.176,2.921,-0.9525));
#961 = LINE('',#962,#963);
#962 = CARTESIAN_POINT('',(-11.176,2.921,-0.9525));
#963 = VECTOR('',#964,1.);
#964 = DIRECTION('',(-1.,-1.665334536938E-16,-1.665334536938E-16));
#965 = ORIENTED_EDGE('',*,*,#966,.F.);
#966 = EDGE_CURVE('',#967,#959,#969,.T.);
#967 = VERTEX_POINT('',#968);
#968 = CARTESIAN_POINT('',(-11.176,2.921,0.9525));
#969 = LINE('',#970,#971);
#970 = CARTESIAN_POINT('',(-11.176,2.921,0.9525));
#971 = VECTOR('',#972,1.);
#972 = DIRECTION('',(-1.665334536938E-16,-1.665334536938E-16,-1.));
#973 = ORIENTED_EDGE('',*,*,#974,.F.);
#974 = EDGE_CURVE('',#951,#967,#975,.T.);
#975 = LINE('',#976,#977);
#976 = CARTESIAN_POINT('',(-11.684,2.921,0.9525));
#977 = VECTOR('',#978,1.);
#978 = DIRECTION('',(1.,1.665334536938E-16,1.665334536938E-16));
#979 = PLANE('',#980);
#980 = AXIS2_PLACEMENT_3D('',#981,#982,#983);
#981 = CARTESIAN_POINT('',(-13.97,2.921,2.54));
#982 = DIRECTION('',(3.330669073875E-16,1.,1.110223024625E-16));
#983 = DIRECTION('',(-1.665334536938E-16,-3.885780586188E-16,-1.));
#984 = ADVANCED_FACE('',(#985),#1058,.T.);
#985 = FACE_BOUND('',#986,.T.);
#986 = EDGE_LOOP('',(#987,#995,#996,#997,#1005,#1013,#1021,#1029,#1037,
    #1043,#1044,#1052));
#987 = ORIENTED_EDGE('',*,*,#988,.F.);
#988 = EDGE_CURVE('',#563,#989,#991,.T.);
#989 = VERTEX_POINT('',#990);
#990 = CARTESIAN_POINT('',(0.3175,2.921,0.3175));
#991 = LINE('',#992,#993);
#992 = CARTESIAN_POINT('',(-6.82625,2.921,0.3175));
#993 = VECTOR('',#994,1.);
#994 = DIRECTION('',(1.,5.551115123126E-17,2.775557561563E-16));
#995 = ORIENTED_EDGE('',*,*,#562,.T.);
#996 = ORIENTED_EDGE('',*,*,#490,.T.);
#997 = ORIENTED_EDGE('',*,*,#998,.T.);
#998 = EDGE_CURVE('',#483,#999,#1001,.T.);
#999 = VERTEX_POINT('',#1000);
#1000 = CARTESIAN_POINT('',(1.27,2.921,0.9525));
#1001 = LINE('',#1002,#1003);
#1002 = CARTESIAN_POINT('',(1.27,2.921,2.54));
#1003 = VECTOR('',#1004,1.);
#1004 = DIRECTION('',(-2.22044604925E-16,-4.440892098501E-16,-1.));
#1005 = ORIENTED_EDGE('',*,*,#1006,.F.);
#1006 = EDGE_CURVE('',#1007,#999,#1009,.T.);
#1007 = VERTEX_POINT('',#1008);
#1008 = CARTESIAN_POINT('',(1.016,2.921,0.9525));
#1009 = LINE('',#1010,#1011);
#1010 = CARTESIAN_POINT('',(1.016,2.921,0.9525));
#1011 = VECTOR('',#1012,1.);
#1012 = DIRECTION('',(1.,5.551115123126E-17,1.110223024625E-16));
#1013 = ORIENTED_EDGE('',*,*,#1014,.F.);
#1014 = EDGE_CURVE('',#1015,#1007,#1017,.T.);
#1015 = VERTEX_POINT('',#1016);
#1016 = CARTESIAN_POINT('',(1.016,2.921,-0.9525));
#1017 = LINE('',#1018,#1019);
#1018 = CARTESIAN_POINT('',(1.016,2.921,-0.9525));
#1019 = VECTOR('',#1020,1.);
#1020 = DIRECTION('',(5.551115123126E-17,1.110223024625E-16,1.));
#1021 = ORIENTED_EDGE('',*,*,#1022,.F.);
#1022 = EDGE_CURVE('',#1023,#1015,#1025,.T.);
#1023 = VERTEX_POINT('',#1024);
#1024 = CARTESIAN_POINT('',(1.27,2.921,-0.9525));
#1025 = LINE('',#1026,#1027);
#1026 = CARTESIAN_POINT('',(1.524,2.921,-0.9525));
#1027 = VECTOR('',#1028,1.);
#1028 = DIRECTION('',(-1.,-5.551115123126E-17,-1.110223024625E-16));
#1029 = ORIENTED_EDGE('',*,*,#1030,.T.);
#1030 = EDGE_CURVE('',#1023,#1031,#1033,.T.);
#1031 = VERTEX_POINT('',#1032);
#1032 = CARTESIAN_POINT('',(1.27,2.921,-1.9304));
#1033 = LINE('',#1034,#1035);
#1034 = CARTESIAN_POINT('',(1.27,2.921,2.54));
#1035 = VECTOR('',#1036,1.);
#1036 = DIRECTION('',(-2.22044604925E-16,-4.440892098501E-16,-1.));
#1037 = ORIENTED_EDGE('',*,*,#1038,.F.);
#1038 = EDGE_CURVE('',#595,#1031,#1039,.T.);
#1039 = LINE('',#1040,#1041);
#1040 = CARTESIAN_POINT('',(-13.97,2.921,-1.9304));
#1041 = VECTOR('',#1042,1.);
#1042 = DIRECTION('',(1.,1.665334536938E-16,3.885780586188E-16));
#1043 = ORIENTED_EDGE('',*,*,#594,.T.);
#1044 = ORIENTED_EDGE('',*,*,#1045,.F.);
#1045 = EDGE_CURVE('',#1046,#587,#1048,.T.);
#1046 = VERTEX_POINT('',#1047);
#1047 = CARTESIAN_POINT('',(0.3175,2.921,-0.3175));
#1048 = LINE('',#1049,#1050);
#1049 = CARTESIAN_POINT('',(-7.14375,2.921,-0.3175));
#1050 = VECTOR('',#1051,1.);
#1051 = DIRECTION('',(-1.,-5.551115123126E-17,-2.775557561563E-16));
#1052 = ORIENTED_EDGE('',*,*,#1053,.F.);
#1053 = EDGE_CURVE('',#989,#1046,#1054,.T.);
#1054 = LINE('',#1055,#1056);
#1055 = CARTESIAN_POINT('',(0.3175,2.921,1.11125));
#1056 = VECTOR('',#1057,1.);
#1057 = DIRECTION('',(-1.110223024625E-16,-2.775557561563E-16,-1.));
#1058 = PLANE('',#1059);
#1059 = AXIS2_PLACEMENT_3D('',#1060,#1061,#1062);
#1060 = CARTESIAN_POINT('',(-13.97,2.921,2.54));
#1061 = DIRECTION('',(3.330669073875E-16,1.,1.110223024625E-16));
#1062 = DIRECTION('',(-1.665334536938E-16,-3.885780586188E-16,-1.));
#1063 = ADVANCED_FACE('',(#1064),#1091,.F.);
#1064 = FACE_BOUND('',#1065,.F.);
#1065 = EDGE_LOOP('',(#1066,#1067,#1068,#1076,#1084,#1090));
#1066 = ORIENTED_EDGE('',*,*,#506,.F.);
#1067 = ORIENTED_EDGE('',*,*,#538,.T.);
#1068 = ORIENTED_EDGE('',*,*,#1069,.F.);
#1069 = EDGE_CURVE('',#1070,#531,#1072,.T.);
#1070 = VERTEX_POINT('',#1071);
#1071 = CARTESIAN_POINT('',(-13.97,0.635,1.9304));
#1072 = LINE('',#1073,#1074);
#1073 = CARTESIAN_POINT('',(-13.97,0.635,1.9304));
#1074 = VECTOR('',#1075,1.);
#1075 = DIRECTION('',(-4.440892098501E-16,-1.,-2.22044604925E-16));
#1076 = ORIENTED_EDGE('',*,*,#1077,.F.);
#1077 = EDGE_CURVE('',#1078,#1070,#1080,.T.);
#1078 = VERTEX_POINT('',#1079);
#1079 = CARTESIAN_POINT('',(-13.97,0.635,0.9525));
#1080 = LINE('',#1081,#1082);
#1081 = CARTESIAN_POINT('',(-13.97,0.635,-2.5654));
#1082 = VECTOR('',#1083,1.);
#1083 = DIRECTION('',(2.22044604925E-16,4.440892098501E-16,1.));
#1084 = ORIENTED_EDGE('',*,*,#1085,.F.);
#1085 = EDGE_CURVE('',#554,#1078,#1086,.T.);
#1086 = LINE('',#1087,#1088);
#1087 = CARTESIAN_POINT('',(-13.97,3.050269631232,0.9525));
#1088 = VECTOR('',#1089,1.);
#1089 = DIRECTION('',(1.848892746612E-32,-1.,0.));
#1090 = ORIENTED_EDGE('',*,*,#553,.F.);
#1091 = PLANE('',#1092);
#1092 = AXIS2_PLACEMENT_3D('',#1093,#1094,#1095);
#1093 = CARTESIAN_POINT('',(-13.97,3.179539262465,-1.211087068042));
#1094 = DIRECTION('',(1.,2.22044604925E-16,4.440892098501E-16));
#1095 = DIRECTION('',(2.22044604925E-16,4.440892098501E-16,1.));
#1096 = ADVANCED_FACE('',(#1097),#1124,.T.);
#1097 = FACE_BOUND('',#1098,.T.);
#1098 = EDGE_LOOP('',(#1099,#1100,#1101,#1109,#1117,#1123));
#1099 = ORIENTED_EDGE('',*,*,#482,.F.);
#1100 = ORIENTED_EDGE('',*,*,#521,.T.);
#1101 = ORIENTED_EDGE('',*,*,#1102,.F.);
#1102 = EDGE_CURVE('',#1103,#522,#1105,.T.);
#1103 = VERTEX_POINT('',#1104);
#1104 = CARTESIAN_POINT('',(1.27,0.635,1.9304));
#1105 = LINE('',#1106,#1107);
#1106 = CARTESIAN_POINT('',(1.27,0.635,1.9304));
#1107 = VECTOR('',#1108,1.);
#1108 = DIRECTION('',(-4.440892098501E-16,-1.,-2.22044604925E-16));
#1109 = ORIENTED_EDGE('',*,*,#1110,.F.);
#1110 = EDGE_CURVE('',#1111,#1103,#1113,.T.);
#1111 = VERTEX_POINT('',#1112);
#1112 = CARTESIAN_POINT('',(1.27,0.635,0.9525));
#1113 = LINE('',#1114,#1115);
#1114 = CARTESIAN_POINT('',(1.27,0.635,-2.5654));
#1115 = VECTOR('',#1116,1.);
#1116 = DIRECTION('',(2.22044604925E-16,4.440892098501E-16,1.));
#1117 = ORIENTED_EDGE('',*,*,#1118,.F.);
#1118 = EDGE_CURVE('',#999,#1111,#1119,.T.);
#1119 = LINE('',#1120,#1121);
#1120 = CARTESIAN_POINT('',(1.27,3.050269631232,0.9525));
#1121 = VECTOR('',#1122,1.);
#1122 = DIRECTION('',(1.848892746612E-32,-1.,3.08148791102E-33));
#1123 = ORIENTED_EDGE('',*,*,#998,.F.);
#1124 = PLANE('',#1125);
#1125 = AXIS2_PLACEMENT_3D('',#1126,#1127,#1128);
#1126 = CARTESIAN_POINT('',(1.27,3.179539262465,-1.211087068042));
#1127 = DIRECTION('',(1.,2.22044604925E-16,4.440892098501E-16));
#1128 = DIRECTION('',(2.22044604925E-16,4.440892098501E-16,1.));
#1129 = ADVANCED_FACE('',(#1130),#1141,.T.);
#1130 = FACE_BOUND('',#1131,.T.);
#1131 = EDGE_LOOP('',(#1132,#1138,#1139,#1140));
#1132 = ORIENTED_EDGE('',*,*,#1133,.T.);
#1133 = EDGE_CURVE('',#1070,#1103,#1134,.T.);
#1134 = LINE('',#1135,#1136);
#1135 = CARTESIAN_POINT('',(-13.97,0.635,1.9304));
#1136 = VECTOR('',#1137,1.);
#1137 = DIRECTION('',(1.,1.665334536938E-16,3.885780586188E-16));
#1138 = ORIENTED_EDGE('',*,*,#1102,.T.);
#1139 = ORIENTED_EDGE('',*,*,#530,.F.);
#1140 = ORIENTED_EDGE('',*,*,#1069,.F.);
#1141 = PLANE('',#1142);
#1142 = AXIS2_PLACEMENT_3D('',#1143,#1144,#1145);
#1143 = CARTESIAN_POINT('',(-13.97,0.635,1.9304));
#1144 = DIRECTION('',(-1.110223024625E-16,-3.330669073875E-16,-1.));
#1145 = DIRECTION('',(-3.885780586188E-16,-1.,-1.665334536938E-16));
#1146 = ADVANCED_FACE('',(#1147),#1165,.F.);
#1147 = FACE_BOUND('',#1148,.F.);
#1148 = EDGE_LOOP('',(#1149,#1150,#1151,#1159));
#1149 = ORIENTED_EDGE('',*,*,#634,.F.);
#1150 = ORIENTED_EDGE('',*,*,#1085,.T.);
#1151 = ORIENTED_EDGE('',*,*,#1152,.F.);
#1152 = EDGE_CURVE('',#1153,#1078,#1155,.T.);
#1153 = VERTEX_POINT('',#1154);
#1154 = CARTESIAN_POINT('',(-13.716,0.635,0.9525));
#1155 = LINE('',#1156,#1157);
#1156 = CARTESIAN_POINT('',(-14.097,0.635,0.9525));
#1157 = VECTOR('',#1158,1.);
#1158 = DIRECTION('',(-1.,1.665334536938E-16,0.));
#1159 = ORIENTED_EDGE('',*,*,#1160,.F.);
#1160 = EDGE_CURVE('',#627,#1153,#1161,.T.);
#1161 = LINE('',#1162,#1163);
#1162 = CARTESIAN_POINT('',(-13.716,2.921,0.9525));
#1163 = VECTOR('',#1164,1.);
#1164 = DIRECTION('',(-1.110223024625E-16,-1.,-1.110223024625E-16));
#1165 = PLANE('',#1166);
#1166 = AXIS2_PLACEMENT_3D('',#1167,#1168,#1169);
#1167 = CARTESIAN_POINT('',(-14.224,2.921,0.9525));
#1168 = DIRECTION('',(5.551115123126E-17,5.551115123126E-17,1.));
#1169 = DIRECTION('',(1.,1.110223024625E-16,1.110223024625E-16));
#1170 = ADVANCED_FACE('',(#1171),#1189,.F.);
#1171 = FACE_BOUND('',#1172,.F.);
#1172 = EDGE_LOOP('',(#1173,#1174,#1175,#1183));
#1173 = ORIENTED_EDGE('',*,*,#626,.F.);
#1174 = ORIENTED_EDGE('',*,*,#1160,.T.);
#1175 = ORIENTED_EDGE('',*,*,#1176,.F.);
#1176 = EDGE_CURVE('',#1177,#1153,#1179,.T.);
#1177 = VERTEX_POINT('',#1178);
#1178 = CARTESIAN_POINT('',(-13.716,0.635,-0.9525));
#1179 = LINE('',#1180,#1181);
#1180 = CARTESIAN_POINT('',(-13.716,0.635,-0.80645));
#1181 = VECTOR('',#1182,1.);
#1182 = DIRECTION('',(0.,5.551115123126E-17,1.));
#1183 = ORIENTED_EDGE('',*,*,#1184,.F.);
#1184 = EDGE_CURVE('',#619,#1177,#1185,.T.);
#1185 = LINE('',#1186,#1187);
#1186 = CARTESIAN_POINT('',(-13.716,2.921,-0.9525));
#1187 = VECTOR('',#1188,1.);
#1188 = DIRECTION('',(-1.110223024625E-16,-1.,-1.110223024625E-16));
#1189 = PLANE('',#1190);
#1190 = AXIS2_PLACEMENT_3D('',#1191,#1192,#1193);
#1191 = CARTESIAN_POINT('',(-13.716,2.921,0.9525));
#1192 = DIRECTION('',(1.,5.551115123126E-17,5.551115123126E-17));
#1193 = DIRECTION('',(-1.110223024625E-16,-1.110223024625E-16,-1.));
#1194 = ADVANCED_FACE('',(#1195),#1213,.F.);
#1195 = FACE_BOUND('',#1196,.F.);
#1196 = EDGE_LOOP('',(#1197,#1198,#1199,#1207));
#1197 = ORIENTED_EDGE('',*,*,#618,.F.);
#1198 = ORIENTED_EDGE('',*,*,#1184,.T.);
#1199 = ORIENTED_EDGE('',*,*,#1200,.F.);
#1200 = EDGE_CURVE('',#1201,#1177,#1203,.T.);
#1201 = VERTEX_POINT('',#1202);
#1202 = CARTESIAN_POINT('',(-13.97,0.635,-0.9525));
#1203 = LINE('',#1204,#1205);
#1204 = CARTESIAN_POINT('',(-13.843,0.635,-0.9525));
#1205 = VECTOR('',#1206,1.);
#1206 = DIRECTION('',(1.,-1.665334536938E-16,0.));
#1207 = ORIENTED_EDGE('',*,*,#1208,.T.);
#1208 = EDGE_CURVE('',#1201,#611,#1209,.T.);
#1209 = LINE('',#1210,#1211);
#1210 = CARTESIAN_POINT('',(-13.97,3.050269631232,-0.9525));
#1211 = VECTOR('',#1212,1.);
#1212 = DIRECTION('',(-1.848892746612E-32,1.,0.));
#1213 = PLANE('',#1214);
#1214 = AXIS2_PLACEMENT_3D('',#1215,#1216,#1217);
#1215 = CARTESIAN_POINT('',(-13.716,2.921,-0.9525));
#1216 = DIRECTION('',(-5.551115123126E-17,-5.551115123126E-17,-1.));
#1217 = DIRECTION('',(-1.,-1.110223024625E-16,-1.110223024625E-16));
#1218 = ADVANCED_FACE('',(#1219),#1287,.F.);
#1219 = FACE_BOUND('',#1220,.F.);
#1220 = EDGE_LOOP('',(#1221,#1222,#1223,#1231,#1239,#1248,#1256,#1264,
    #1272,#1281));
#1221 = ORIENTED_EDGE('',*,*,#610,.F.);
#1222 = ORIENTED_EDGE('',*,*,#1208,.F.);
#1223 = ORIENTED_EDGE('',*,*,#1224,.F.);
#1224 = EDGE_CURVE('',#1225,#1201,#1227,.T.);
#1225 = VERTEX_POINT('',#1226);
#1226 = CARTESIAN_POINT('',(-13.97,0.635,-2.5654));
#1227 = LINE('',#1228,#1229);
#1228 = CARTESIAN_POINT('',(-13.97,0.635,-2.5654));
#1229 = VECTOR('',#1230,1.);
#1230 = DIRECTION('',(2.22044604925E-16,4.440892098501E-16,1.));
#1231 = ORIENTED_EDGE('',*,*,#1232,.F.);
#1232 = EDGE_CURVE('',#1233,#1225,#1235,.T.);
#1233 = VERTEX_POINT('',#1234);
#1234 = CARTESIAN_POINT('',(-13.97,0.3048,-2.5654));
#1235 = LINE('',#1236,#1237);
#1236 = CARTESIAN_POINT('',(-13.97,0.3048,-2.5654));
#1237 = VECTOR('',#1238,1.);
#1238 = DIRECTION('',(4.440892098501E-16,1.,2.22044604925E-16));
#1239 = ORIENTED_EDGE('',*,*,#1240,.T.);
#1240 = EDGE_CURVE('',#1233,#1241,#1243,.T.);
#1241 = VERTEX_POINT('',#1242);
#1242 = CARTESIAN_POINT('',(-13.97,0.3048,-3.175));
#1243 = CIRCLE('',#1244,0.3048);
#1244 = AXIS2_PLACEMENT_3D('',#1245,#1246,#1247);
#1245 = CARTESIAN_POINT('',(-13.97,0.3048,-2.8702));
#1246 = DIRECTION('',(1.,-4.440892098501E-16,-2.22044604925E-16));
#1247 = DIRECTION('',(4.440892098501E-16,1.,2.22044604925E-16));
#1248 = ORIENTED_EDGE('',*,*,#1249,.T.);
#1249 = EDGE_CURVE('',#1241,#1250,#1252,.T.);
#1250 = VERTEX_POINT('',#1251);
#1251 = CARTESIAN_POINT('',(-13.97,2.921,-3.175));
#1252 = LINE('',#1253,#1254);
#1253 = CARTESIAN_POINT('',(-13.97,0.3048,-3.175));
#1254 = VECTOR('',#1255,1.);
#1255 = DIRECTION('',(4.440892098501E-16,1.,2.22044604925E-16));
#1256 = ORIENTED_EDGE('',*,*,#1257,.T.);
#1257 = EDGE_CURVE('',#1250,#1258,#1260,.T.);
#1258 = VERTEX_POINT('',#1259);
#1259 = CARTESIAN_POINT('',(-13.97,2.921,-2.661125508872));
#1260 = LINE('',#1261,#1262);
#1261 = CARTESIAN_POINT('',(-13.97,2.921,-4.5212));
#1262 = VECTOR('',#1263,1.);
#1263 = DIRECTION('',(1.110223024625E-16,2.22044604925E-16,1.));
#1264 = ORIENTED_EDGE('',*,*,#1265,.T.);
#1265 = EDGE_CURVE('',#1258,#1266,#1268,.T.);
#1266 = VERTEX_POINT('',#1267);
#1267 = CARTESIAN_POINT('',(-13.97,2.3114,-2.7432));
#1268 = LINE('',#1269,#1270);
#1269 = CARTESIAN_POINT('',(-13.97,4.526612567019,-2.444951239866));
#1270 = VECTOR('',#1271,1.);
#1271 = DIRECTION('',(-4.69746119654E-16,-0.991057877156,-0.133432695121
    ));
#1272 = ORIENTED_EDGE('',*,*,#1273,.F.);
#1273 = EDGE_CURVE('',#1274,#1266,#1276,.T.);
#1274 = VERTEX_POINT('',#1275);
#1275 = CARTESIAN_POINT('',(-13.97,2.3114,-1.9304));
#1276 = CIRCLE('',#1277,0.4064);
#1277 = AXIS2_PLACEMENT_3D('',#1278,#1279,#1280);
#1278 = CARTESIAN_POINT('',(-13.97,2.3114,-2.3368));
#1279 = DIRECTION('',(1.,-4.440892098501E-16,-2.22044604925E-16));
#1280 = DIRECTION('',(4.440892098501E-16,1.,2.22044604925E-16));
#1281 = ORIENTED_EDGE('',*,*,#1282,.F.);
#1282 = EDGE_CURVE('',#603,#1274,#1283,.T.);
#1283 = LINE('',#1284,#1285);
#1284 = CARTESIAN_POINT('',(-13.97,2.921,-1.9304));
#1285 = VECTOR('',#1286,1.);
#1286 = DIRECTION('',(-4.440892098501E-16,-1.,-2.22044604925E-16));
#1287 = PLANE('',#1288);
#1288 = AXIS2_PLACEMENT_3D('',#1289,#1290,#1291);
#1289 = CARTESIAN_POINT('',(-13.97,3.179539262465,-1.211087068042));
#1290 = DIRECTION('',(1.,2.22044604925E-16,4.440892098501E-16));
#1291 = DIRECTION('',(2.22044604925E-16,4.440892098501E-16,1.));
#1292 = ADVANCED_FACE('',(#1293),#1312,.T.);
#1293 = FACE_BOUND('',#1294,.T.);
#1294 = EDGE_LOOP('',(#1295,#1296,#1297,#1305,#1311));
#1295 = ORIENTED_EDGE('',*,*,#602,.T.);
#1296 = ORIENTED_EDGE('',*,*,#1038,.T.);
#1297 = ORIENTED_EDGE('',*,*,#1298,.T.);
#1298 = EDGE_CURVE('',#1031,#1299,#1301,.T.);
#1299 = VERTEX_POINT('',#1300);
#1300 = CARTESIAN_POINT('',(1.27,2.3114,-1.9304));
#1301 = LINE('',#1302,#1303);
#1302 = CARTESIAN_POINT('',(1.27,2.921,-1.9304));
#1303 = VECTOR('',#1304,1.);
#1304 = DIRECTION('',(-4.440892098501E-16,-1.,-2.22044604925E-16));
#1305 = ORIENTED_EDGE('',*,*,#1306,.F.);
#1306 = EDGE_CURVE('',#1274,#1299,#1307,.T.);
#1307 = LINE('',#1308,#1309);
#1308 = CARTESIAN_POINT('',(-13.97,2.3114,-1.9304));
#1309 = VECTOR('',#1310,1.);
#1310 = DIRECTION('',(1.,1.665334536938E-16,3.885780586188E-16));
#1311 = ORIENTED_EDGE('',*,*,#1282,.F.);
#1312 = PLANE('',#1313);
#1313 = AXIS2_PLACEMENT_3D('',#1314,#1315,#1316);
#1314 = CARTESIAN_POINT('',(-13.97,2.921,-1.9304));
#1315 = DIRECTION('',(-1.110223024625E-16,-3.330669073875E-16,-1.));
#1316 = DIRECTION('',(-3.885780586188E-16,-1.,-1.665334536938E-16));
#1317 = ADVANCED_FACE('',(#1318),#1344,.F.);
#1318 = FACE_BOUND('',#1319,.F.);
#1319 = EDGE_LOOP('',(#1320,#1330,#1336,#1337,#1338));
#1320 = ORIENTED_EDGE('',*,*,#1321,.F.);
#1321 = EDGE_CURVE('',#1322,#1324,#1326,.T.);
#1322 = VERTEX_POINT('',#1323);
#1323 = CARTESIAN_POINT('',(-0.3175,0.635,-0.3175));
#1324 = VERTEX_POINT('',#1325);
#1325 = CARTESIAN_POINT('',(0.3175,0.635,-0.3175));
#1326 = LINE('',#1327,#1328);
#1327 = CARTESIAN_POINT('',(-7.14375,0.635,-0.3175));
#1328 = VECTOR('',#1329,1.);
#1329 = DIRECTION('',(1.,5.551115123126E-17,2.775557561563E-16));
#1330 = ORIENTED_EDGE('',*,*,#1331,.T.);
#1331 = EDGE_CURVE('',#1322,#579,#1332,.T.);
#1332 = LINE('',#1333,#1334);
#1333 = CARTESIAN_POINT('',(-0.3175,-1.938726956752E-16,-0.3175));
#1334 = VECTOR('',#1335,1.);
#1335 = DIRECTION('',(2.775557561563E-16,1.,-1.110223024625E-16));
#1336 = ORIENTED_EDGE('',*,*,#586,.F.);
#1337 = ORIENTED_EDGE('',*,*,#1045,.F.);
#1338 = ORIENTED_EDGE('',*,*,#1339,.F.);
#1339 = EDGE_CURVE('',#1324,#1046,#1340,.T.);
#1340 = LINE('',#1341,#1342);
#1341 = CARTESIAN_POINT('',(0.3175,-1.233735336115E-16,-0.3175));
#1342 = VECTOR('',#1343,1.);
#1343 = DIRECTION('',(2.775557561563E-16,1.,-1.110223024625E-16));
#1344 = PLANE('',#1345);
#1345 = AXIS2_PLACEMENT_3D('',#1346,#1347,#1348);
#1346 = CARTESIAN_POINT('',(-0.3175,-1.938726956752E-16,-0.3175));
#1347 = DIRECTION('',(-5.551115123126E-17,-4.440892098501E-16,-1.));
#1348 = DIRECTION('',(1.,1.110223024625E-16,2.775557561563E-16));
#1349 = ADVANCED_FACE('',(#1350),#1368,.F.);
#1350 = FACE_BOUND('',#1351,.F.);
#1351 = EDGE_LOOP('',(#1352,#1360,#1366,#1367));
#1352 = ORIENTED_EDGE('',*,*,#1353,.F.);
#1353 = EDGE_CURVE('',#1354,#1322,#1356,.T.);
#1354 = VERTEX_POINT('',#1355);
#1355 = CARTESIAN_POINT('',(-0.3175,0.635,0.3175));
#1356 = LINE('',#1357,#1358);
#1357 = CARTESIAN_POINT('',(-0.3175,0.635,-1.12395));
#1358 = VECTOR('',#1359,1.);
#1359 = DIRECTION('',(-1.110223024625E-16,-2.775557561563E-16,-1.));
#1360 = ORIENTED_EDGE('',*,*,#1361,.T.);
#1361 = EDGE_CURVE('',#1354,#571,#1362,.T.);
#1362 = LINE('',#1363,#1364);
#1363 = CARTESIAN_POINT('',(-0.3175,1.233735336115E-16,0.3175));
#1364 = VECTOR('',#1365,1.);
#1365 = DIRECTION('',(2.775557561563E-16,1.,-1.110223024625E-16));
#1366 = ORIENTED_EDGE('',*,*,#578,.F.);
#1367 = ORIENTED_EDGE('',*,*,#1331,.F.);
#1368 = PLANE('',#1369);
#1369 = AXIS2_PLACEMENT_3D('',#1370,#1371,#1372);
#1370 = CARTESIAN_POINT('',(-0.3175,1.233735336115E-16,0.3175));
#1371 = DIRECTION('',(-1.,-5.551115123126E-17,-2.22044604925E-16));
#1372 = DIRECTION('',(-1.110223024625E-16,-4.996003610813E-16,-1.));
#1373 = ADVANCED_FACE('',(#1374),#1393,.F.);
#1374 = FACE_BOUND('',#1375,.F.);
#1375 = EDGE_LOOP('',(#1376,#1384,#1390,#1391,#1392));
#1376 = ORIENTED_EDGE('',*,*,#1377,.F.);
#1377 = EDGE_CURVE('',#1378,#1354,#1380,.T.);
#1378 = VERTEX_POINT('',#1379);
#1379 = CARTESIAN_POINT('',(0.3175,0.635,0.3175));
#1380 = LINE('',#1381,#1382);
#1381 = CARTESIAN_POINT('',(-6.82625,0.635,0.3175));
#1382 = VECTOR('',#1383,1.);
#1383 = DIRECTION('',(-1.,-5.551115123126E-17,-2.775557561563E-16));
#1384 = ORIENTED_EDGE('',*,*,#1385,.T.);
#1385 = EDGE_CURVE('',#1378,#989,#1386,.T.);
#1386 = LINE('',#1387,#1388);
#1387 = CARTESIAN_POINT('',(0.3175,1.938726956752E-16,0.3175));
#1388 = VECTOR('',#1389,1.);
#1389 = DIRECTION('',(2.775557561563E-16,1.,-1.110223024625E-16));
#1390 = ORIENTED_EDGE('',*,*,#988,.F.);
#1391 = ORIENTED_EDGE('',*,*,#570,.F.);
#1392 = ORIENTED_EDGE('',*,*,#1361,.F.);
#1393 = PLANE('',#1394);
#1394 = AXIS2_PLACEMENT_3D('',#1395,#1396,#1397);
#1395 = CARTESIAN_POINT('',(0.3175,1.938726956752E-16,0.3175));
#1396 = DIRECTION('',(5.551115123126E-17,4.440892098501E-16,1.));
#1397 = DIRECTION('',(-1.,-1.110223024625E-16,-2.775557561563E-16));
#1398 = ADVANCED_FACE('',(#1399),#1424,.F.);
#1399 = FACE_BOUND('',#1400,.F.);
#1400 = EDGE_LOOP('',(#1401,#1402,#1410,#1418));
#1401 = ORIENTED_EDGE('',*,*,#642,.F.);
#1402 = ORIENTED_EDGE('',*,*,#1403,.T.);
#1403 = EDGE_CURVE('',#643,#1404,#1406,.T.);
#1404 = VERTEX_POINT('',#1405);
#1405 = CARTESIAN_POINT('',(-1.524,0.635,-0.9525));
#1406 = LINE('',#1407,#1408);
#1407 = CARTESIAN_POINT('',(-1.524,2.921,-0.9525));
#1408 = VECTOR('',#1409,1.);
#1409 = DIRECTION('',(-1.110223024625E-16,-1.,-1.110223024625E-16));
#1410 = ORIENTED_EDGE('',*,*,#1411,.F.);
#1411 = EDGE_CURVE('',#1412,#1404,#1414,.T.);
#1412 = VERTEX_POINT('',#1413);
#1413 = CARTESIAN_POINT('',(-1.524,0.635,0.9525));
#1414 = LINE('',#1415,#1416);
#1415 = CARTESIAN_POINT('',(-1.524,0.635,-1.75895));
#1416 = VECTOR('',#1417,1.);
#1417 = DIRECTION('',(-0.,-5.551115123126E-17,-1.));
#1418 = ORIENTED_EDGE('',*,*,#1419,.F.);
#1419 = EDGE_CURVE('',#645,#1412,#1420,.T.);
#1420 = LINE('',#1421,#1422);
#1421 = CARTESIAN_POINT('',(-1.524,2.921,0.9525));
#1422 = VECTOR('',#1423,1.);
#1423 = DIRECTION('',(-1.110223024625E-16,-1.,-1.110223024625E-16));
#1424 = PLANE('',#1425);
#1425 = AXIS2_PLACEMENT_3D('',#1426,#1427,#1428);
#1426 = CARTESIAN_POINT('',(-1.524,2.921,-0.9525));
#1427 = DIRECTION('',(-1.,-5.551115123126E-17,-5.551115123126E-17));
#1428 = DIRECTION('',(1.110223024625E-16,1.110223024625E-16,1.));
#1429 = ADVANCED_FACE('',(#1430),#1448,.F.);
#1430 = FACE_BOUND('',#1431,.F.);
#1431 = EDGE_LOOP('',(#1432,#1433,#1434,#1442));
#1432 = ORIENTED_EDGE('',*,*,#668,.F.);
#1433 = ORIENTED_EDGE('',*,*,#1419,.T.);
#1434 = ORIENTED_EDGE('',*,*,#1435,.F.);
#1435 = EDGE_CURVE('',#1436,#1412,#1438,.T.);
#1436 = VERTEX_POINT('',#1437);
#1437 = CARTESIAN_POINT('',(-1.016,0.635,0.9525));
#1438 = LINE('',#1439,#1440);
#1439 = CARTESIAN_POINT('',(-7.747,0.635,0.9525));
#1440 = VECTOR('',#1441,1.);
#1441 = DIRECTION('',(-1.,1.665334536938E-16,0.));
#1442 = ORIENTED_EDGE('',*,*,#1443,.F.);
#1443 = EDGE_CURVE('',#661,#1436,#1444,.T.);
#1444 = LINE('',#1445,#1446);
#1445 = CARTESIAN_POINT('',(-1.016,2.921,0.9525));
#1446 = VECTOR('',#1447,1.);
#1447 = DIRECTION('',(-1.110223024625E-16,-1.,-1.110223024625E-16));
#1448 = PLANE('',#1449);
#1449 = AXIS2_PLACEMENT_3D('',#1450,#1451,#1452);
#1450 = CARTESIAN_POINT('',(-1.524,2.921,0.9525));
#1451 = DIRECTION('',(5.551115123126E-17,5.551115123126E-17,1.));
#1452 = DIRECTION('',(1.,1.110223024625E-16,1.110223024625E-16));
#1453 = ADVANCED_FACE('',(#1454),#1472,.F.);
#1454 = FACE_BOUND('',#1455,.F.);
#1455 = EDGE_LOOP('',(#1456,#1457,#1458,#1466));
#1456 = ORIENTED_EDGE('',*,*,#660,.F.);
#1457 = ORIENTED_EDGE('',*,*,#1443,.T.);
#1458 = ORIENTED_EDGE('',*,*,#1459,.F.);
#1459 = EDGE_CURVE('',#1460,#1436,#1462,.T.);
#1460 = VERTEX_POINT('',#1461);
#1461 = CARTESIAN_POINT('',(-1.016,0.635,-0.9525));
#1462 = LINE('',#1463,#1464);
#1463 = CARTESIAN_POINT('',(-1.016,0.635,-0.80645));
#1464 = VECTOR('',#1465,1.);
#1465 = DIRECTION('',(0.,5.551115123126E-17,1.));
#1466 = ORIENTED_EDGE('',*,*,#1467,.F.);
#1467 = EDGE_CURVE('',#653,#1460,#1468,.T.);
#1468 = LINE('',#1469,#1470);
#1469 = CARTESIAN_POINT('',(-1.016,2.921,-0.9525));
#1470 = VECTOR('',#1471,1.);
#1471 = DIRECTION('',(-1.110223024625E-16,-1.,-1.110223024625E-16));
#1472 = PLANE('',#1473);
#1473 = AXIS2_PLACEMENT_3D('',#1474,#1475,#1476);
#1474 = CARTESIAN_POINT('',(-1.016,2.921,0.9525));
#1475 = DIRECTION('',(1.,5.551115123126E-17,5.551115123126E-17));
#1476 = DIRECTION('',(-1.110223024625E-16,-1.110223024625E-16,-1.));
#1477 = ADVANCED_FACE('',(#1478),#1489,.F.);
#1478 = FACE_BOUND('',#1479,.F.);
#1479 = EDGE_LOOP('',(#1480,#1481,#1482,#1488));
#1480 = ORIENTED_EDGE('',*,*,#652,.F.);
#1481 = ORIENTED_EDGE('',*,*,#1467,.T.);
#1482 = ORIENTED_EDGE('',*,*,#1483,.F.);
#1483 = EDGE_CURVE('',#1404,#1460,#1484,.T.);
#1484 = LINE('',#1485,#1486);
#1485 = CARTESIAN_POINT('',(-7.493,0.635,-0.9525));
#1486 = VECTOR('',#1487,1.);
#1487 = DIRECTION('',(1.,-1.665334536938E-16,0.));
#1488 = ORIENTED_EDGE('',*,*,#1403,.F.);
#1489 = PLANE('',#1490);
#1490 = AXIS2_PLACEMENT_3D('',#1491,#1492,#1493);
#1491 = CARTESIAN_POINT('',(-1.016,2.921,-0.9525));
#1492 = DIRECTION('',(-5.551115123126E-17,-5.551115123126E-17,-1.));
#1493 = DIRECTION('',(-1.,-1.110223024625E-16,-1.110223024625E-16));
#1494 = ADVANCED_FACE('',(#1495),#1520,.F.);
#1495 = FACE_BOUND('',#1496,.F.);
#1496 = EDGE_LOOP('',(#1497,#1507,#1513,#1514));
#1497 = ORIENTED_EDGE('',*,*,#1498,.F.);
#1498 = EDGE_CURVE('',#1499,#1501,#1503,.T.);
#1499 = VERTEX_POINT('',#1500);
#1500 = CARTESIAN_POINT('',(-2.8575,0.635,-0.3175));
#1501 = VERTEX_POINT('',#1502);
#1502 = CARTESIAN_POINT('',(-2.2225,0.635,-0.3175));
#1503 = LINE('',#1504,#1505);
#1504 = CARTESIAN_POINT('',(-8.41375,0.635,-0.3175));
#1505 = VECTOR('',#1506,1.);
#1506 = DIRECTION('',(1.,-5.551115123126E-17,1.110223024625E-16));
#1507 = ORIENTED_EDGE('',*,*,#1508,.T.);
#1508 = EDGE_CURVE('',#1499,#679,#1509,.T.);
#1509 = LINE('',#1510,#1511);
#1510 = CARTESIAN_POINT('',(-2.8575,-1.938726956752E-16,-0.3175));
#1511 = VECTOR('',#1512,1.);
#1512 = DIRECTION('',(2.22044604925E-16,1.,-5.551115123126E-17));
#1513 = ORIENTED_EDGE('',*,*,#676,.F.);
#1514 = ORIENTED_EDGE('',*,*,#1515,.F.);
#1515 = EDGE_CURVE('',#1501,#677,#1516,.T.);
#1516 = LINE('',#1517,#1518);
#1517 = CARTESIAN_POINT('',(-2.2225,-8.812395257962E-17,-0.3175));
#1518 = VECTOR('',#1519,1.);
#1519 = DIRECTION('',(2.22044604925E-16,1.,-5.551115123126E-17));
#1520 = PLANE('',#1521);
#1521 = AXIS2_PLACEMENT_3D('',#1522,#1523,#1524);
#1522 = CARTESIAN_POINT('',(-2.8575,-1.938726956752E-16,-0.3175));
#1523 = DIRECTION('',(-1.110223024625E-16,-3.885780586188E-16,-1.));
#1524 = DIRECTION('',(1.,1.665334536938E-16,2.22044604925E-16));
#1525 = ADVANCED_FACE('',(#1526),#1544,.F.);
#1526 = FACE_BOUND('',#1527,.F.);
#1527 = EDGE_LOOP('',(#1528,#1536,#1537,#1538));
#1528 = ORIENTED_EDGE('',*,*,#1529,.F.);
#1529 = EDGE_CURVE('',#1501,#1530,#1532,.T.);
#1530 = VERTEX_POINT('',#1531);
#1531 = CARTESIAN_POINT('',(-2.2225,0.635,0.3175));
#1532 = LINE('',#1533,#1534);
#1533 = CARTESIAN_POINT('',(-2.2225,0.635,-1.44145));
#1534 = VECTOR('',#1535,1.);
#1535 = DIRECTION('',(5.551115123126E-17,1.665334536938E-16,1.));
#1536 = ORIENTED_EDGE('',*,*,#1515,.T.);
#1537 = ORIENTED_EDGE('',*,*,#686,.F.);
#1538 = ORIENTED_EDGE('',*,*,#1539,.F.);
#1539 = EDGE_CURVE('',#1530,#687,#1540,.T.);
#1540 = LINE('',#1541,#1542);
#1541 = CARTESIAN_POINT('',(-2.2225,1.938726956752E-16,0.3175));
#1542 = VECTOR('',#1543,1.);
#1543 = DIRECTION('',(2.22044604925E-16,1.,-5.551115123126E-17));
#1544 = PLANE('',#1545);
#1545 = AXIS2_PLACEMENT_3D('',#1546,#1547,#1548);
#1546 = CARTESIAN_POINT('',(-2.2225,-8.812395257962E-17,-0.3175));
#1547 = DIRECTION('',(1.,1.110223024625E-16,1.665334536938E-16));
#1548 = DIRECTION('',(1.665334536938E-16,4.440892098501E-16,1.));
#1549 = ADVANCED_FACE('',(#1550),#1568,.F.);
#1550 = FACE_BOUND('',#1551,.F.);
#1551 = EDGE_LOOP('',(#1552,#1560,#1566,#1567));
#1552 = ORIENTED_EDGE('',*,*,#1553,.F.);
#1553 = EDGE_CURVE('',#1554,#1499,#1556,.T.);
#1554 = VERTEX_POINT('',#1555);
#1555 = CARTESIAN_POINT('',(-2.8575,0.635,0.3175));
#1556 = LINE('',#1557,#1558);
#1557 = CARTESIAN_POINT('',(-2.8575,0.635,-1.12395));
#1558 = VECTOR('',#1559,1.);
#1559 = DIRECTION('',(-5.551115123126E-17,-1.665334536938E-16,-1.));
#1560 = ORIENTED_EDGE('',*,*,#1561,.T.);
#1561 = EDGE_CURVE('',#1554,#695,#1562,.T.);
#1562 = LINE('',#1563,#1564);
#1563 = CARTESIAN_POINT('',(-2.8575,8.812395257962E-17,0.3175));
#1564 = VECTOR('',#1565,1.);
#1565 = DIRECTION('',(2.22044604925E-16,1.,-5.551115123126E-17));
#1566 = ORIENTED_EDGE('',*,*,#702,.F.);
#1567 = ORIENTED_EDGE('',*,*,#1508,.F.);
#1568 = PLANE('',#1569);
#1569 = AXIS2_PLACEMENT_3D('',#1570,#1571,#1572);
#1570 = CARTESIAN_POINT('',(-2.8575,8.812395257962E-17,0.3175));
#1571 = DIRECTION('',(-1.,-1.110223024625E-16,-1.665334536938E-16));
#1572 = DIRECTION('',(-1.665334536938E-16,-4.440892098501E-16,-1.));
#1573 = ADVANCED_FACE('',(#1574),#1585,.F.);
#1574 = FACE_BOUND('',#1575,.F.);
#1575 = EDGE_LOOP('',(#1576,#1582,#1583,#1584));
#1576 = ORIENTED_EDGE('',*,*,#1577,.F.);
#1577 = EDGE_CURVE('',#1530,#1554,#1578,.T.);
#1578 = LINE('',#1579,#1580);
#1579 = CARTESIAN_POINT('',(-8.09625,0.635,0.3175));
#1580 = VECTOR('',#1581,1.);
#1581 = DIRECTION('',(-1.,5.551115123126E-17,-1.110223024625E-16));
#1582 = ORIENTED_EDGE('',*,*,#1539,.T.);
#1583 = ORIENTED_EDGE('',*,*,#694,.F.);
#1584 = ORIENTED_EDGE('',*,*,#1561,.F.);
#1585 = PLANE('',#1586);
#1586 = AXIS2_PLACEMENT_3D('',#1587,#1588,#1589);
#1587 = CARTESIAN_POINT('',(-2.2225,1.938726956752E-16,0.3175));
#1588 = DIRECTION('',(1.110223024625E-16,3.885780586188E-16,1.));
#1589 = DIRECTION('',(-1.,-1.665334536938E-16,-2.22044604925E-16));
#1590 = ADVANCED_FACE('',(#1591),#1616,.F.);
#1591 = FACE_BOUND('',#1592,.F.);
#1592 = EDGE_LOOP('',(#1593,#1594,#1602,#1610));
#1593 = ORIENTED_EDGE('',*,*,#710,.F.);
#1594 = ORIENTED_EDGE('',*,*,#1595,.T.);
#1595 = EDGE_CURVE('',#711,#1596,#1598,.T.);
#1596 = VERTEX_POINT('',#1597);
#1597 = CARTESIAN_POINT('',(-4.064,0.635,-0.9525));
#1598 = LINE('',#1599,#1600);
#1599 = CARTESIAN_POINT('',(-4.064,2.921,-0.9525));
#1600 = VECTOR('',#1601,1.);
#1601 = DIRECTION('',(-1.110223024625E-16,-1.,-1.110223024625E-16));
#1602 = ORIENTED_EDGE('',*,*,#1603,.F.);
#1603 = EDGE_CURVE('',#1604,#1596,#1606,.T.);
#1604 = VERTEX_POINT('',#1605);
#1605 = CARTESIAN_POINT('',(-4.064,0.635,0.9525));
#1606 = LINE('',#1607,#1608);
#1607 = CARTESIAN_POINT('',(-4.064,0.635,-1.75895));
#1608 = VECTOR('',#1609,1.);
#1609 = DIRECTION('',(-0.,-5.551115123126E-17,-1.));
#1610 = ORIENTED_EDGE('',*,*,#1611,.F.);
#1611 = EDGE_CURVE('',#713,#1604,#1612,.T.);
#1612 = LINE('',#1613,#1614);
#1613 = CARTESIAN_POINT('',(-4.064,2.921,0.9525));
#1614 = VECTOR('',#1615,1.);
#1615 = DIRECTION('',(-1.110223024625E-16,-1.,-1.110223024625E-16));
#1616 = PLANE('',#1617);
#1617 = AXIS2_PLACEMENT_3D('',#1618,#1619,#1620);
#1618 = CARTESIAN_POINT('',(-4.064,2.921,-0.9525));
#1619 = DIRECTION('',(-1.,-5.551115123126E-17,-5.551115123126E-17));
#1620 = DIRECTION('',(1.110223024625E-16,1.110223024625E-16,1.));
#1621 = ADVANCED_FACE('',(#1622),#1640,.F.);
#1622 = FACE_BOUND('',#1623,.F.);
#1623 = EDGE_LOOP('',(#1624,#1625,#1626,#1634));
#1624 = ORIENTED_EDGE('',*,*,#736,.F.);
#1625 = ORIENTED_EDGE('',*,*,#1611,.T.);
#1626 = ORIENTED_EDGE('',*,*,#1627,.F.);
#1627 = EDGE_CURVE('',#1628,#1604,#1630,.T.);
#1628 = VERTEX_POINT('',#1629);
#1629 = CARTESIAN_POINT('',(-3.556,0.635,0.9525));
#1630 = LINE('',#1631,#1632);
#1631 = CARTESIAN_POINT('',(-9.017,0.635,0.9525));
#1632 = VECTOR('',#1633,1.);
#1633 = DIRECTION('',(-1.,1.665334536938E-16,0.));
#1634 = ORIENTED_EDGE('',*,*,#1635,.F.);
#1635 = EDGE_CURVE('',#729,#1628,#1636,.T.);
#1636 = LINE('',#1637,#1638);
#1637 = CARTESIAN_POINT('',(-3.556,2.921,0.9525));
#1638 = VECTOR('',#1639,1.);
#1639 = DIRECTION('',(-1.110223024625E-16,-1.,-1.110223024625E-16));
#1640 = PLANE('',#1641);
#1641 = AXIS2_PLACEMENT_3D('',#1642,#1643,#1644);
#1642 = CARTESIAN_POINT('',(-4.064,2.921,0.9525));
#1643 = DIRECTION('',(5.551115123126E-17,5.551115123126E-17,1.));
#1644 = DIRECTION('',(1.,1.110223024625E-16,1.110223024625E-16));
#1645 = ADVANCED_FACE('',(#1646),#1664,.F.);
#1646 = FACE_BOUND('',#1647,.F.);
#1647 = EDGE_LOOP('',(#1648,#1649,#1650,#1658));
#1648 = ORIENTED_EDGE('',*,*,#728,.F.);
#1649 = ORIENTED_EDGE('',*,*,#1635,.T.);
#1650 = ORIENTED_EDGE('',*,*,#1651,.F.);
#1651 = EDGE_CURVE('',#1652,#1628,#1654,.T.);
#1652 = VERTEX_POINT('',#1653);
#1653 = CARTESIAN_POINT('',(-3.556,0.635,-0.9525));
#1654 = LINE('',#1655,#1656);
#1655 = CARTESIAN_POINT('',(-3.556,0.635,-0.80645));
#1656 = VECTOR('',#1657,1.);
#1657 = DIRECTION('',(0.,5.551115123126E-17,1.));
#1658 = ORIENTED_EDGE('',*,*,#1659,.F.);
#1659 = EDGE_CURVE('',#721,#1652,#1660,.T.);
#1660 = LINE('',#1661,#1662);
#1661 = CARTESIAN_POINT('',(-3.556,2.921,-0.9525));
#1662 = VECTOR('',#1663,1.);
#1663 = DIRECTION('',(-1.110223024625E-16,-1.,-1.110223024625E-16));
#1664 = PLANE('',#1665);
#1665 = AXIS2_PLACEMENT_3D('',#1666,#1667,#1668);
#1666 = CARTESIAN_POINT('',(-3.556,2.921,0.9525));
#1667 = DIRECTION('',(1.,5.551115123126E-17,5.551115123126E-17));
#1668 = DIRECTION('',(-1.110223024625E-16,-1.110223024625E-16,-1.));
#1669 = ADVANCED_FACE('',(#1670),#1681,.F.);
#1670 = FACE_BOUND('',#1671,.F.);
#1671 = EDGE_LOOP('',(#1672,#1673,#1674,#1680));
#1672 = ORIENTED_EDGE('',*,*,#720,.F.);
#1673 = ORIENTED_EDGE('',*,*,#1659,.T.);
#1674 = ORIENTED_EDGE('',*,*,#1675,.F.);
#1675 = EDGE_CURVE('',#1596,#1652,#1676,.T.);
#1676 = LINE('',#1677,#1678);
#1677 = CARTESIAN_POINT('',(-8.763,0.635,-0.9525));
#1678 = VECTOR('',#1679,1.);
#1679 = DIRECTION('',(1.,-1.665334536938E-16,0.));
#1680 = ORIENTED_EDGE('',*,*,#1595,.F.);
#1681 = PLANE('',#1682);
#1682 = AXIS2_PLACEMENT_3D('',#1683,#1684,#1685);
#1683 = CARTESIAN_POINT('',(-3.556,2.921,-0.9525));
#1684 = DIRECTION('',(-5.551115123126E-17,-5.551115123126E-17,-1.));
#1685 = DIRECTION('',(-1.,-1.110223024625E-16,-1.110223024625E-16));
#1686 = ADVANCED_FACE('',(#1687),#1712,.F.);
#1687 = FACE_BOUND('',#1688,.F.);
#1688 = EDGE_LOOP('',(#1689,#1699,#1705,#1706));
#1689 = ORIENTED_EDGE('',*,*,#1690,.F.);
#1690 = EDGE_CURVE('',#1691,#1693,#1695,.T.);
#1691 = VERTEX_POINT('',#1692);
#1692 = CARTESIAN_POINT('',(-5.3975,0.635,-0.3175));
#1693 = VERTEX_POINT('',#1694);
#1694 = CARTESIAN_POINT('',(-4.7625,0.635,-0.3175));
#1695 = LINE('',#1696,#1697);
#1696 = CARTESIAN_POINT('',(-9.68375,0.635,-0.3175));
#1697 = VECTOR('',#1698,1.);
#1698 = DIRECTION('',(1.,-5.551115123126E-17,1.110223024625E-16));
#1699 = ORIENTED_EDGE('',*,*,#1700,.T.);
#1700 = EDGE_CURVE('',#1691,#747,#1701,.T.);
#1701 = LINE('',#1702,#1703);
#1702 = CARTESIAN_POINT('',(-5.3975,-1.938726956752E-16,-0.3175));
#1703 = VECTOR('',#1704,1.);
#1704 = DIRECTION('',(2.22044604925E-16,1.,-5.551115123126E-17));
#1705 = ORIENTED_EDGE('',*,*,#744,.F.);
#1706 = ORIENTED_EDGE('',*,*,#1707,.F.);
#1707 = EDGE_CURVE('',#1693,#745,#1708,.T.);
#1708 = LINE('',#1709,#1710);
#1709 = CARTESIAN_POINT('',(-4.7625,-8.812395257962E-17,-0.3175));
#1710 = VECTOR('',#1711,1.);
#1711 = DIRECTION('',(2.22044604925E-16,1.,-5.551115123126E-17));
#1712 = PLANE('',#1713);
#1713 = AXIS2_PLACEMENT_3D('',#1714,#1715,#1716);
#1714 = CARTESIAN_POINT('',(-5.3975,-1.938726956752E-16,-0.3175));
#1715 = DIRECTION('',(-1.110223024625E-16,-3.885780586188E-16,-1.));
#1716 = DIRECTION('',(1.,1.665334536938E-16,2.22044604925E-16));
#1717 = ADVANCED_FACE('',(#1718),#1736,.F.);
#1718 = FACE_BOUND('',#1719,.F.);
#1719 = EDGE_LOOP('',(#1720,#1728,#1729,#1730));
#1720 = ORIENTED_EDGE('',*,*,#1721,.F.);
#1721 = EDGE_CURVE('',#1693,#1722,#1724,.T.);
#1722 = VERTEX_POINT('',#1723);
#1723 = CARTESIAN_POINT('',(-4.7625,0.635,0.3175));
#1724 = LINE('',#1725,#1726);
#1725 = CARTESIAN_POINT('',(-4.7625,0.635,-1.44145));
#1726 = VECTOR('',#1727,1.);
#1727 = DIRECTION('',(5.551115123126E-17,1.665334536938E-16,1.));
#1728 = ORIENTED_EDGE('',*,*,#1707,.T.);
#1729 = ORIENTED_EDGE('',*,*,#754,.F.);
#1730 = ORIENTED_EDGE('',*,*,#1731,.F.);
#1731 = EDGE_CURVE('',#1722,#755,#1732,.T.);
#1732 = LINE('',#1733,#1734);
#1733 = CARTESIAN_POINT('',(-4.7625,1.938726956752E-16,0.3175));
#1734 = VECTOR('',#1735,1.);
#1735 = DIRECTION('',(2.22044604925E-16,1.,-5.551115123126E-17));
#1736 = PLANE('',#1737);
#1737 = AXIS2_PLACEMENT_3D('',#1738,#1739,#1740);
#1738 = CARTESIAN_POINT('',(-4.7625,-8.812395257962E-17,-0.3175));
#1739 = DIRECTION('',(1.,1.110223024625E-16,1.665334536938E-16));
#1740 = DIRECTION('',(1.665334536938E-16,4.440892098501E-16,1.));
#1741 = ADVANCED_FACE('',(#1742),#1760,.F.);
#1742 = FACE_BOUND('',#1743,.F.);
#1743 = EDGE_LOOP('',(#1744,#1752,#1758,#1759));
#1744 = ORIENTED_EDGE('',*,*,#1745,.F.);
#1745 = EDGE_CURVE('',#1746,#1691,#1748,.T.);
#1746 = VERTEX_POINT('',#1747);
#1747 = CARTESIAN_POINT('',(-5.3975,0.635,0.3175));
#1748 = LINE('',#1749,#1750);
#1749 = CARTESIAN_POINT('',(-5.3975,0.635,-1.12395));
#1750 = VECTOR('',#1751,1.);
#1751 = DIRECTION('',(-5.551115123126E-17,-1.665334536938E-16,-1.));
#1752 = ORIENTED_EDGE('',*,*,#1753,.T.);
#1753 = EDGE_CURVE('',#1746,#763,#1754,.T.);
#1754 = LINE('',#1755,#1756);
#1755 = CARTESIAN_POINT('',(-5.3975,8.812395257962E-17,0.3175));
#1756 = VECTOR('',#1757,1.);
#1757 = DIRECTION('',(2.22044604925E-16,1.,-5.551115123126E-17));
#1758 = ORIENTED_EDGE('',*,*,#770,.F.);
#1759 = ORIENTED_EDGE('',*,*,#1700,.F.);
#1760 = PLANE('',#1761);
#1761 = AXIS2_PLACEMENT_3D('',#1762,#1763,#1764);
#1762 = CARTESIAN_POINT('',(-5.3975,8.812395257962E-17,0.3175));
#1763 = DIRECTION('',(-1.,-1.110223024625E-16,-1.665334536938E-16));
#1764 = DIRECTION('',(-1.665334536938E-16,-4.440892098501E-16,-1.));
#1765 = ADVANCED_FACE('',(#1766),#1777,.F.);
#1766 = FACE_BOUND('',#1767,.F.);
#1767 = EDGE_LOOP('',(#1768,#1774,#1775,#1776));
#1768 = ORIENTED_EDGE('',*,*,#1769,.F.);
#1769 = EDGE_CURVE('',#1722,#1746,#1770,.T.);
#1770 = LINE('',#1771,#1772);
#1771 = CARTESIAN_POINT('',(-9.36625,0.635,0.3175));
#1772 = VECTOR('',#1773,1.);
#1773 = DIRECTION('',(-1.,5.551115123126E-17,-1.110223024625E-16));
#1774 = ORIENTED_EDGE('',*,*,#1731,.T.);
#1775 = ORIENTED_EDGE('',*,*,#762,.F.);
#1776 = ORIENTED_EDGE('',*,*,#1753,.F.);
#1777 = PLANE('',#1778);
#1778 = AXIS2_PLACEMENT_3D('',#1779,#1780,#1781);
#1779 = CARTESIAN_POINT('',(-4.7625,1.938726956752E-16,0.3175));
#1780 = DIRECTION('',(1.110223024625E-16,3.885780586188E-16,1.));
#1781 = DIRECTION('',(-1.,-1.665334536938E-16,-2.22044604925E-16));
#1782 = ADVANCED_FACE('',(#1783),#1808,.F.);
#1783 = FACE_BOUND('',#1784,.F.);
#1784 = EDGE_LOOP('',(#1785,#1786,#1794,#1802));
#1785 = ORIENTED_EDGE('',*,*,#778,.F.);
#1786 = ORIENTED_EDGE('',*,*,#1787,.T.);
#1787 = EDGE_CURVE('',#779,#1788,#1790,.T.);
#1788 = VERTEX_POINT('',#1789);
#1789 = CARTESIAN_POINT('',(-6.604,0.635,-0.9525));
#1790 = LINE('',#1791,#1792);
#1791 = CARTESIAN_POINT('',(-6.604,2.921,-0.9525));
#1792 = VECTOR('',#1793,1.);
#1793 = DIRECTION('',(-1.110223024625E-16,-1.,-1.110223024625E-16));
#1794 = ORIENTED_EDGE('',*,*,#1795,.F.);
#1795 = EDGE_CURVE('',#1796,#1788,#1798,.T.);
#1796 = VERTEX_POINT('',#1797);
#1797 = CARTESIAN_POINT('',(-6.604,0.635,0.9525));
#1798 = LINE('',#1799,#1800);
#1799 = CARTESIAN_POINT('',(-6.604,0.635,-1.75895));
#1800 = VECTOR('',#1801,1.);
#1801 = DIRECTION('',(-0.,-5.551115123126E-17,-1.));
#1802 = ORIENTED_EDGE('',*,*,#1803,.F.);
#1803 = EDGE_CURVE('',#781,#1796,#1804,.T.);
#1804 = LINE('',#1805,#1806);
#1805 = CARTESIAN_POINT('',(-6.604,2.921,0.9525));
#1806 = VECTOR('',#1807,1.);
#1807 = DIRECTION('',(-1.110223024625E-16,-1.,-1.110223024625E-16));
#1808 = PLANE('',#1809);
#1809 = AXIS2_PLACEMENT_3D('',#1810,#1811,#1812);
#1810 = CARTESIAN_POINT('',(-6.604,2.921,-0.9525));
#1811 = DIRECTION('',(-1.,-5.551115123126E-17,-5.551115123126E-17));
#1812 = DIRECTION('',(1.110223024625E-16,1.110223024625E-16,1.));
#1813 = ADVANCED_FACE('',(#1814),#1832,.F.);
#1814 = FACE_BOUND('',#1815,.F.);
#1815 = EDGE_LOOP('',(#1816,#1817,#1818,#1826));
#1816 = ORIENTED_EDGE('',*,*,#804,.F.);
#1817 = ORIENTED_EDGE('',*,*,#1803,.T.);
#1818 = ORIENTED_EDGE('',*,*,#1819,.F.);
#1819 = EDGE_CURVE('',#1820,#1796,#1822,.T.);
#1820 = VERTEX_POINT('',#1821);
#1821 = CARTESIAN_POINT('',(-6.096,0.635,0.9525));
#1822 = LINE('',#1823,#1824);
#1823 = CARTESIAN_POINT('',(-10.287,0.635,0.9525));
#1824 = VECTOR('',#1825,1.);
#1825 = DIRECTION('',(-1.,1.665334536938E-16,0.));
#1826 = ORIENTED_EDGE('',*,*,#1827,.F.);
#1827 = EDGE_CURVE('',#797,#1820,#1828,.T.);
#1828 = LINE('',#1829,#1830);
#1829 = CARTESIAN_POINT('',(-6.096,2.921,0.9525));
#1830 = VECTOR('',#1831,1.);
#1831 = DIRECTION('',(-1.110223024625E-16,-1.,-1.110223024625E-16));
#1832 = PLANE('',#1833);
#1833 = AXIS2_PLACEMENT_3D('',#1834,#1835,#1836);
#1834 = CARTESIAN_POINT('',(-6.604,2.921,0.9525));
#1835 = DIRECTION('',(5.551115123126E-17,5.551115123126E-17,1.));
#1836 = DIRECTION('',(1.,1.110223024625E-16,1.110223024625E-16));
#1837 = ADVANCED_FACE('',(#1838),#1856,.F.);
#1838 = FACE_BOUND('',#1839,.F.);
#1839 = EDGE_LOOP('',(#1840,#1841,#1842,#1850));
#1840 = ORIENTED_EDGE('',*,*,#796,.F.);
#1841 = ORIENTED_EDGE('',*,*,#1827,.T.);
#1842 = ORIENTED_EDGE('',*,*,#1843,.F.);
#1843 = EDGE_CURVE('',#1844,#1820,#1846,.T.);
#1844 = VERTEX_POINT('',#1845);
#1845 = CARTESIAN_POINT('',(-6.096,0.635,-0.9525));
#1846 = LINE('',#1847,#1848);
#1847 = CARTESIAN_POINT('',(-6.096,0.635,-0.80645));
#1848 = VECTOR('',#1849,1.);
#1849 = DIRECTION('',(0.,5.551115123126E-17,1.));
#1850 = ORIENTED_EDGE('',*,*,#1851,.F.);
#1851 = EDGE_CURVE('',#789,#1844,#1852,.T.);
#1852 = LINE('',#1853,#1854);
#1853 = CARTESIAN_POINT('',(-6.096,2.921,-0.9525));
#1854 = VECTOR('',#1855,1.);
#1855 = DIRECTION('',(-1.110223024625E-16,-1.,-1.110223024625E-16));
#1856 = PLANE('',#1857);
#1857 = AXIS2_PLACEMENT_3D('',#1858,#1859,#1860);
#1858 = CARTESIAN_POINT('',(-6.096,2.921,0.9525));
#1859 = DIRECTION('',(1.,5.551115123126E-17,5.551115123126E-17));
#1860 = DIRECTION('',(-1.110223024625E-16,-1.110223024625E-16,-1.));
#1861 = ADVANCED_FACE('',(#1862),#1873,.F.);
#1862 = FACE_BOUND('',#1863,.F.);
#1863 = EDGE_LOOP('',(#1864,#1865,#1866,#1872));
#1864 = ORIENTED_EDGE('',*,*,#788,.F.);
#1865 = ORIENTED_EDGE('',*,*,#1851,.T.);
#1866 = ORIENTED_EDGE('',*,*,#1867,.F.);
#1867 = EDGE_CURVE('',#1788,#1844,#1868,.T.);
#1868 = LINE('',#1869,#1870);
#1869 = CARTESIAN_POINT('',(-10.033,0.635,-0.9525));
#1870 = VECTOR('',#1871,1.);
#1871 = DIRECTION('',(1.,-1.665334536938E-16,0.));
#1872 = ORIENTED_EDGE('',*,*,#1787,.F.);
#1873 = PLANE('',#1874);
#1874 = AXIS2_PLACEMENT_3D('',#1875,#1876,#1877);
#1875 = CARTESIAN_POINT('',(-6.096,2.921,-0.9525));
#1876 = DIRECTION('',(-5.551115123126E-17,-5.551115123126E-17,-1.));
#1877 = DIRECTION('',(-1.,-1.110223024625E-16,-1.110223024625E-16));
#1878 = ADVANCED_FACE('',(#1879),#1904,.F.);
#1879 = FACE_BOUND('',#1880,.F.);
#1880 = EDGE_LOOP('',(#1881,#1891,#1897,#1898));
#1881 = ORIENTED_EDGE('',*,*,#1882,.F.);
#1882 = EDGE_CURVE('',#1883,#1885,#1887,.T.);
#1883 = VERTEX_POINT('',#1884);
#1884 = CARTESIAN_POINT('',(-7.9375,0.635,-0.3175));
#1885 = VERTEX_POINT('',#1886);
#1886 = CARTESIAN_POINT('',(-7.3025,0.635,-0.3175));
#1887 = LINE('',#1888,#1889);
#1888 = CARTESIAN_POINT('',(-10.95375,0.635,-0.3175));
#1889 = VECTOR('',#1890,1.);
#1890 = DIRECTION('',(1.,-5.551115123126E-17,1.110223024625E-16));
#1891 = ORIENTED_EDGE('',*,*,#1892,.T.);
#1892 = EDGE_CURVE('',#1883,#815,#1893,.T.);
#1893 = LINE('',#1894,#1895);
#1894 = CARTESIAN_POINT('',(-7.9375,-1.938726956752E-16,-0.3175));
#1895 = VECTOR('',#1896,1.);
#1896 = DIRECTION('',(2.22044604925E-16,1.,-5.551115123126E-17));
#1897 = ORIENTED_EDGE('',*,*,#812,.F.);
#1898 = ORIENTED_EDGE('',*,*,#1899,.F.);
#1899 = EDGE_CURVE('',#1885,#813,#1900,.T.);
#1900 = LINE('',#1901,#1902);
#1901 = CARTESIAN_POINT('',(-7.3025,-8.812395257962E-17,-0.3175));
#1902 = VECTOR('',#1903,1.);
#1903 = DIRECTION('',(2.22044604925E-16,1.,-5.551115123126E-17));
#1904 = PLANE('',#1905);
#1905 = AXIS2_PLACEMENT_3D('',#1906,#1907,#1908);
#1906 = CARTESIAN_POINT('',(-7.9375,-1.938726956752E-16,-0.3175));
#1907 = DIRECTION('',(-1.110223024625E-16,-3.885780586188E-16,-1.));
#1908 = DIRECTION('',(1.,1.665334536938E-16,2.22044604925E-16));
#1909 = ADVANCED_FACE('',(#1910),#1928,.F.);
#1910 = FACE_BOUND('',#1911,.F.);
#1911 = EDGE_LOOP('',(#1912,#1920,#1921,#1922));
#1912 = ORIENTED_EDGE('',*,*,#1913,.F.);
#1913 = EDGE_CURVE('',#1885,#1914,#1916,.T.);
#1914 = VERTEX_POINT('',#1915);
#1915 = CARTESIAN_POINT('',(-7.3025,0.635,0.3175));
#1916 = LINE('',#1917,#1918);
#1917 = CARTESIAN_POINT('',(-7.3025,0.635,-1.44145));
#1918 = VECTOR('',#1919,1.);
#1919 = DIRECTION('',(5.551115123126E-17,1.665334536938E-16,1.));
#1920 = ORIENTED_EDGE('',*,*,#1899,.T.);
#1921 = ORIENTED_EDGE('',*,*,#822,.F.);
#1922 = ORIENTED_EDGE('',*,*,#1923,.F.);
#1923 = EDGE_CURVE('',#1914,#823,#1924,.T.);
#1924 = LINE('',#1925,#1926);
#1925 = CARTESIAN_POINT('',(-7.3025,1.938726956752E-16,0.3175));
#1926 = VECTOR('',#1927,1.);
#1927 = DIRECTION('',(2.22044604925E-16,1.,-5.551115123126E-17));
#1928 = PLANE('',#1929);
#1929 = AXIS2_PLACEMENT_3D('',#1930,#1931,#1932);
#1930 = CARTESIAN_POINT('',(-7.3025,-8.812395257962E-17,-0.3175));
#1931 = DIRECTION('',(1.,1.110223024625E-16,1.665334536938E-16));
#1932 = DIRECTION('',(1.665334536938E-16,4.440892098501E-16,1.));
#1933 = ADVANCED_FACE('',(#1934),#1952,.F.);
#1934 = FACE_BOUND('',#1935,.F.);
#1935 = EDGE_LOOP('',(#1936,#1944,#1950,#1951));
#1936 = ORIENTED_EDGE('',*,*,#1937,.F.);
#1937 = EDGE_CURVE('',#1938,#1883,#1940,.T.);
#1938 = VERTEX_POINT('',#1939);
#1939 = CARTESIAN_POINT('',(-7.9375,0.635,0.3175));
#1940 = LINE('',#1941,#1942);
#1941 = CARTESIAN_POINT('',(-7.9375,0.635,-1.12395));
#1942 = VECTOR('',#1943,1.);
#1943 = DIRECTION('',(-5.551115123126E-17,-1.665334536938E-16,-1.));
#1944 = ORIENTED_EDGE('',*,*,#1945,.T.);
#1945 = EDGE_CURVE('',#1938,#831,#1946,.T.);
#1946 = LINE('',#1947,#1948);
#1947 = CARTESIAN_POINT('',(-7.9375,8.812395257962E-17,0.3175));
#1948 = VECTOR('',#1949,1.);
#1949 = DIRECTION('',(2.22044604925E-16,1.,-5.551115123126E-17));
#1950 = ORIENTED_EDGE('',*,*,#838,.F.);
#1951 = ORIENTED_EDGE('',*,*,#1892,.F.);
#1952 = PLANE('',#1953);
#1953 = AXIS2_PLACEMENT_3D('',#1954,#1955,#1956);
#1954 = CARTESIAN_POINT('',(-7.9375,8.812395257962E-17,0.3175));
#1955 = DIRECTION('',(-1.,-1.110223024625E-16,-1.665334536938E-16));
#1956 = DIRECTION('',(-1.665334536938E-16,-4.440892098501E-16,-1.));
#1957 = ADVANCED_FACE('',(#1958),#1969,.F.);
#1958 = FACE_BOUND('',#1959,.F.);
#1959 = EDGE_LOOP('',(#1960,#1966,#1967,#1968));
#1960 = ORIENTED_EDGE('',*,*,#1961,.F.);
#1961 = EDGE_CURVE('',#1914,#1938,#1962,.T.);
#1962 = LINE('',#1963,#1964);
#1963 = CARTESIAN_POINT('',(-10.63625,0.635,0.3175));
#1964 = VECTOR('',#1965,1.);
#1965 = DIRECTION('',(-1.,5.551115123126E-17,-1.110223024625E-16));
#1966 = ORIENTED_EDGE('',*,*,#1923,.T.);
#1967 = ORIENTED_EDGE('',*,*,#830,.F.);
#1968 = ORIENTED_EDGE('',*,*,#1945,.F.);
#1969 = PLANE('',#1970);
#1970 = AXIS2_PLACEMENT_3D('',#1971,#1972,#1973);
#1971 = CARTESIAN_POINT('',(-7.3025,1.938726956752E-16,0.3175));
#1972 = DIRECTION('',(1.110223024625E-16,3.885780586188E-16,1.));
#1973 = DIRECTION('',(-1.,-1.665334536938E-16,-2.22044604925E-16));
#1974 = ADVANCED_FACE('',(#1975),#2000,.F.);
#1975 = FACE_BOUND('',#1976,.F.);
#1976 = EDGE_LOOP('',(#1977,#1987,#1993,#1994));
#1977 = ORIENTED_EDGE('',*,*,#1978,.F.);
#1978 = EDGE_CURVE('',#1979,#1981,#1983,.T.);
#1979 = VERTEX_POINT('',#1980);
#1980 = CARTESIAN_POINT('',(-10.4775,0.635,-0.3175));
#1981 = VERTEX_POINT('',#1982);
#1982 = CARTESIAN_POINT('',(-9.8425,0.635,-0.3175));
#1983 = LINE('',#1984,#1985);
#1984 = CARTESIAN_POINT('',(-12.22375,0.635,-0.3175));
#1985 = VECTOR('',#1986,1.);
#1986 = DIRECTION('',(1.,-5.551115123126E-17,1.110223024625E-16));
#1987 = ORIENTED_EDGE('',*,*,#1988,.T.);
#1988 = EDGE_CURVE('',#1979,#849,#1989,.T.);
#1989 = LINE('',#1990,#1991);
#1990 = CARTESIAN_POINT('',(-10.4775,-1.938726956752E-16,-0.3175));
#1991 = VECTOR('',#1992,1.);
#1992 = DIRECTION('',(2.22044604925E-16,1.,-5.551115123126E-17));
#1993 = ORIENTED_EDGE('',*,*,#846,.F.);
#1994 = ORIENTED_EDGE('',*,*,#1995,.F.);
#1995 = EDGE_CURVE('',#1981,#847,#1996,.T.);
#1996 = LINE('',#1997,#1998);
#1997 = CARTESIAN_POINT('',(-9.8425,-8.812395257962E-17,-0.3175));
#1998 = VECTOR('',#1999,1.);
#1999 = DIRECTION('',(2.22044604925E-16,1.,-5.551115123126E-17));
#2000 = PLANE('',#2001);
#2001 = AXIS2_PLACEMENT_3D('',#2002,#2003,#2004);
#2002 = CARTESIAN_POINT('',(-10.4775,-1.938726956752E-16,-0.3175));
#2003 = DIRECTION('',(-1.110223024625E-16,-3.885780586188E-16,-1.));
#2004 = DIRECTION('',(1.,1.665334536938E-16,2.22044604925E-16));
#2005 = ADVANCED_FACE('',(#2006),#2024,.F.);
#2006 = FACE_BOUND('',#2007,.F.);
#2007 = EDGE_LOOP('',(#2008,#2016,#2017,#2018));
#2008 = ORIENTED_EDGE('',*,*,#2009,.F.);
#2009 = EDGE_CURVE('',#1981,#2010,#2012,.T.);
#2010 = VERTEX_POINT('',#2011);
#2011 = CARTESIAN_POINT('',(-9.8425,0.635,0.3175));
#2012 = LINE('',#2013,#2014);
#2013 = CARTESIAN_POINT('',(-9.8425,0.635,-1.44145));
#2014 = VECTOR('',#2015,1.);
#2015 = DIRECTION('',(5.551115123126E-17,1.665334536938E-16,1.));
#2016 = ORIENTED_EDGE('',*,*,#1995,.T.);
#2017 = ORIENTED_EDGE('',*,*,#856,.F.);
#2018 = ORIENTED_EDGE('',*,*,#2019,.F.);
#2019 = EDGE_CURVE('',#2010,#857,#2020,.T.);
#2020 = LINE('',#2021,#2022);
#2021 = CARTESIAN_POINT('',(-9.8425,1.938726956752E-16,0.3175));
#2022 = VECTOR('',#2023,1.);
#2023 = DIRECTION('',(2.22044604925E-16,1.,-5.551115123126E-17));
#2024 = PLANE('',#2025);
#2025 = AXIS2_PLACEMENT_3D('',#2026,#2027,#2028);
#2026 = CARTESIAN_POINT('',(-9.8425,-8.812395257962E-17,-0.3175));
#2027 = DIRECTION('',(1.,1.110223024625E-16,1.665334536938E-16));
#2028 = DIRECTION('',(1.665334536938E-16,4.440892098501E-16,1.));
#2029 = ADVANCED_FACE('',(#2030),#2048,.F.);
#2030 = FACE_BOUND('',#2031,.F.);
#2031 = EDGE_LOOP('',(#2032,#2040,#2046,#2047));
#2032 = ORIENTED_EDGE('',*,*,#2033,.F.);
#2033 = EDGE_CURVE('',#2034,#1979,#2036,.T.);
#2034 = VERTEX_POINT('',#2035);
#2035 = CARTESIAN_POINT('',(-10.4775,0.635,0.3175));
#2036 = LINE('',#2037,#2038);
#2037 = CARTESIAN_POINT('',(-10.4775,0.635,-1.12395));
#2038 = VECTOR('',#2039,1.);
#2039 = DIRECTION('',(-5.551115123126E-17,-1.665334536938E-16,-1.));
#2040 = ORIENTED_EDGE('',*,*,#2041,.T.);
#2041 = EDGE_CURVE('',#2034,#865,#2042,.T.);
#2042 = LINE('',#2043,#2044);
#2043 = CARTESIAN_POINT('',(-10.4775,8.812395257962E-17,0.3175));
#2044 = VECTOR('',#2045,1.);
#2045 = DIRECTION('',(2.22044604925E-16,1.,-5.551115123126E-17));
#2046 = ORIENTED_EDGE('',*,*,#872,.F.);
#2047 = ORIENTED_EDGE('',*,*,#1988,.F.);
#2048 = PLANE('',#2049);
#2049 = AXIS2_PLACEMENT_3D('',#2050,#2051,#2052);
#2050 = CARTESIAN_POINT('',(-10.4775,8.812395257962E-17,0.3175));
#2051 = DIRECTION('',(-1.,-1.110223024625E-16,-1.665334536938E-16));
#2052 = DIRECTION('',(-1.665334536938E-16,-4.440892098501E-16,-1.));
#2053 = ADVANCED_FACE('',(#2054),#2065,.F.);
#2054 = FACE_BOUND('',#2055,.F.);
#2055 = EDGE_LOOP('',(#2056,#2062,#2063,#2064));
#2056 = ORIENTED_EDGE('',*,*,#2057,.F.);
#2057 = EDGE_CURVE('',#2010,#2034,#2058,.T.);
#2058 = LINE('',#2059,#2060);
#2059 = CARTESIAN_POINT('',(-11.90625,0.635,0.3175));
#2060 = VECTOR('',#2061,1.);
#2061 = DIRECTION('',(-1.,5.551115123126E-17,-1.110223024625E-16));
#2062 = ORIENTED_EDGE('',*,*,#2019,.T.);
#2063 = ORIENTED_EDGE('',*,*,#864,.F.);
#2064 = ORIENTED_EDGE('',*,*,#2041,.F.);
#2065 = PLANE('',#2066);
#2066 = AXIS2_PLACEMENT_3D('',#2067,#2068,#2069);
#2067 = CARTESIAN_POINT('',(-9.8425,1.938726956752E-16,0.3175));
#2068 = DIRECTION('',(1.110223024625E-16,3.885780586188E-16,1.));
#2069 = DIRECTION('',(-1.,-1.665334536938E-16,-2.22044604925E-16));
#2070 = ADVANCED_FACE('',(#2071),#2096,.F.);
#2071 = FACE_BOUND('',#2072,.F.);
#2072 = EDGE_LOOP('',(#2073,#2083,#2089,#2090));
#2073 = ORIENTED_EDGE('',*,*,#2074,.F.);
#2074 = EDGE_CURVE('',#2075,#2077,#2079,.T.);
#2075 = VERTEX_POINT('',#2076);
#2076 = CARTESIAN_POINT('',(-13.0175,0.635,-0.3175));
#2077 = VERTEX_POINT('',#2078);
#2078 = CARTESIAN_POINT('',(-12.3825,0.635,-0.3175));
#2079 = LINE('',#2080,#2081);
#2080 = CARTESIAN_POINT('',(-13.49375,0.635,-0.3175));
#2081 = VECTOR('',#2082,1.);
#2082 = DIRECTION('',(1.,-5.551115123126E-17,1.110223024625E-16));
#2083 = ORIENTED_EDGE('',*,*,#2084,.T.);
#2084 = EDGE_CURVE('',#2075,#883,#2085,.T.);
#2085 = LINE('',#2086,#2087);
#2086 = CARTESIAN_POINT('',(-13.0175,-1.938726956752E-16,-0.3175));
#2087 = VECTOR('',#2088,1.);
#2088 = DIRECTION('',(2.22044604925E-16,1.,-5.551115123126E-17));
#2089 = ORIENTED_EDGE('',*,*,#880,.F.);
#2090 = ORIENTED_EDGE('',*,*,#2091,.F.);
#2091 = EDGE_CURVE('',#2077,#881,#2092,.T.);
#2092 = LINE('',#2093,#2094);
#2093 = CARTESIAN_POINT('',(-12.3825,-8.812395257962E-17,-0.3175));
#2094 = VECTOR('',#2095,1.);
#2095 = DIRECTION('',(2.22044604925E-16,1.,-5.551115123126E-17));
#2096 = PLANE('',#2097);
#2097 = AXIS2_PLACEMENT_3D('',#2098,#2099,#2100);
#2098 = CARTESIAN_POINT('',(-13.0175,-1.938726956752E-16,-0.3175));
#2099 = DIRECTION('',(-1.110223024625E-16,-3.885780586188E-16,-1.));
#2100 = DIRECTION('',(1.,1.665334536938E-16,2.22044604925E-16));
#2101 = ADVANCED_FACE('',(#2102),#2120,.F.);
#2102 = FACE_BOUND('',#2103,.F.);
#2103 = EDGE_LOOP('',(#2104,#2112,#2113,#2114));
#2104 = ORIENTED_EDGE('',*,*,#2105,.F.);
#2105 = EDGE_CURVE('',#2077,#2106,#2108,.T.);
#2106 = VERTEX_POINT('',#2107);
#2107 = CARTESIAN_POINT('',(-12.3825,0.635,0.3175));
#2108 = LINE('',#2109,#2110);
#2109 = CARTESIAN_POINT('',(-12.3825,0.635,-1.44145));
#2110 = VECTOR('',#2111,1.);
#2111 = DIRECTION('',(5.551115123126E-17,1.665334536938E-16,1.));
#2112 = ORIENTED_EDGE('',*,*,#2091,.T.);
#2113 = ORIENTED_EDGE('',*,*,#890,.F.);
#2114 = ORIENTED_EDGE('',*,*,#2115,.F.);
#2115 = EDGE_CURVE('',#2106,#891,#2116,.T.);
#2116 = LINE('',#2117,#2118);
#2117 = CARTESIAN_POINT('',(-12.3825,1.938726956752E-16,0.3175));
#2118 = VECTOR('',#2119,1.);
#2119 = DIRECTION('',(2.22044604925E-16,1.,-5.551115123126E-17));
#2120 = PLANE('',#2121);
#2121 = AXIS2_PLACEMENT_3D('',#2122,#2123,#2124);
#2122 = CARTESIAN_POINT('',(-12.3825,-8.812395257962E-17,-0.3175));
#2123 = DIRECTION('',(1.,1.110223024625E-16,1.665334536938E-16));
#2124 = DIRECTION('',(1.665334536938E-16,4.440892098501E-16,1.));
#2125 = ADVANCED_FACE('',(#2126),#2144,.F.);
#2126 = FACE_BOUND('',#2127,.F.);
#2127 = EDGE_LOOP('',(#2128,#2136,#2142,#2143));
#2128 = ORIENTED_EDGE('',*,*,#2129,.F.);
#2129 = EDGE_CURVE('',#2130,#2075,#2132,.T.);
#2130 = VERTEX_POINT('',#2131);
#2131 = CARTESIAN_POINT('',(-13.0175,0.635,0.3175));
#2132 = LINE('',#2133,#2134);
#2133 = CARTESIAN_POINT('',(-13.0175,0.635,-1.12395));
#2134 = VECTOR('',#2135,1.);
#2135 = DIRECTION('',(-5.551115123126E-17,-1.665334536938E-16,-1.));
#2136 = ORIENTED_EDGE('',*,*,#2137,.T.);
#2137 = EDGE_CURVE('',#2130,#899,#2138,.T.);
#2138 = LINE('',#2139,#2140);
#2139 = CARTESIAN_POINT('',(-13.0175,8.812395257962E-17,0.3175));
#2140 = VECTOR('',#2141,1.);
#2141 = DIRECTION('',(2.22044604925E-16,1.,-5.551115123126E-17));
#2142 = ORIENTED_EDGE('',*,*,#906,.F.);
#2143 = ORIENTED_EDGE('',*,*,#2084,.F.);
#2144 = PLANE('',#2145);
#2145 = AXIS2_PLACEMENT_3D('',#2146,#2147,#2148);
#2146 = CARTESIAN_POINT('',(-13.0175,8.812395257962E-17,0.3175));
#2147 = DIRECTION('',(-1.,-1.110223024625E-16,-1.665334536938E-16));
#2148 = DIRECTION('',(-1.665334536938E-16,-4.440892098501E-16,-1.));
#2149 = ADVANCED_FACE('',(#2150),#2161,.F.);
#2150 = FACE_BOUND('',#2151,.F.);
#2151 = EDGE_LOOP('',(#2152,#2158,#2159,#2160));
#2152 = ORIENTED_EDGE('',*,*,#2153,.F.);
#2153 = EDGE_CURVE('',#2106,#2130,#2154,.T.);
#2154 = LINE('',#2155,#2156);
#2155 = CARTESIAN_POINT('',(-13.17625,0.635,0.3175));
#2156 = VECTOR('',#2157,1.);
#2157 = DIRECTION('',(-1.,5.551115123126E-17,-1.110223024625E-16));
#2158 = ORIENTED_EDGE('',*,*,#2115,.T.);
#2159 = ORIENTED_EDGE('',*,*,#898,.F.);
#2160 = ORIENTED_EDGE('',*,*,#2137,.F.);
#2161 = PLANE('',#2162);
#2162 = AXIS2_PLACEMENT_3D('',#2163,#2164,#2165);
#2163 = CARTESIAN_POINT('',(-12.3825,1.938726956752E-16,0.3175));
#2164 = DIRECTION('',(1.110223024625E-16,3.885780586188E-16,1.));
#2165 = DIRECTION('',(-1.,-1.665334536938E-16,-2.22044604925E-16));
#2166 = ADVANCED_FACE('',(#2167),#2192,.F.);
#2167 = FACE_BOUND('',#2168,.F.);
#2168 = EDGE_LOOP('',(#2169,#2170,#2178,#2186));
#2169 = ORIENTED_EDGE('',*,*,#914,.F.);
#2170 = ORIENTED_EDGE('',*,*,#2171,.T.);
#2171 = EDGE_CURVE('',#915,#2172,#2174,.T.);
#2172 = VERTEX_POINT('',#2173);
#2173 = CARTESIAN_POINT('',(-9.144,0.635,-0.9525));
#2174 = LINE('',#2175,#2176);
#2175 = CARTESIAN_POINT('',(-9.144,2.921,-0.9525));
#2176 = VECTOR('',#2177,1.);
#2177 = DIRECTION('',(-1.110223024625E-16,-1.,-1.110223024625E-16));
#2178 = ORIENTED_EDGE('',*,*,#2179,.F.);
#2179 = EDGE_CURVE('',#2180,#2172,#2182,.T.);
#2180 = VERTEX_POINT('',#2181);
#2181 = CARTESIAN_POINT('',(-9.144,0.635,0.9525));
#2182 = LINE('',#2183,#2184);
#2183 = CARTESIAN_POINT('',(-9.144,0.635,-1.75895));
#2184 = VECTOR('',#2185,1.);
#2185 = DIRECTION('',(-0.,-5.551115123126E-17,-1.));
#2186 = ORIENTED_EDGE('',*,*,#2187,.F.);
#2187 = EDGE_CURVE('',#917,#2180,#2188,.T.);
#2188 = LINE('',#2189,#2190);
#2189 = CARTESIAN_POINT('',(-9.144,2.921,0.9525));
#2190 = VECTOR('',#2191,1.);
#2191 = DIRECTION('',(-1.110223024625E-16,-1.,-1.110223024625E-16));
#2192 = PLANE('',#2193);
#2193 = AXIS2_PLACEMENT_3D('',#2194,#2195,#2196);
#2194 = CARTESIAN_POINT('',(-9.144,2.921,-0.9525));
#2195 = DIRECTION('',(-1.,-5.551115123126E-17,-5.551115123126E-17));
#2196 = DIRECTION('',(1.110223024625E-16,1.110223024625E-16,1.));
#2197 = ADVANCED_FACE('',(#2198),#2216,.F.);
#2198 = FACE_BOUND('',#2199,.F.);
#2199 = EDGE_LOOP('',(#2200,#2201,#2202,#2210));
#2200 = ORIENTED_EDGE('',*,*,#940,.F.);
#2201 = ORIENTED_EDGE('',*,*,#2187,.T.);
#2202 = ORIENTED_EDGE('',*,*,#2203,.F.);
#2203 = EDGE_CURVE('',#2204,#2180,#2206,.T.);
#2204 = VERTEX_POINT('',#2205);
#2205 = CARTESIAN_POINT('',(-8.636,0.635,0.9525));
#2206 = LINE('',#2207,#2208);
#2207 = CARTESIAN_POINT('',(-11.557,0.635,0.9525));
#2208 = VECTOR('',#2209,1.);
#2209 = DIRECTION('',(-1.,1.665334536938E-16,0.));
#2210 = ORIENTED_EDGE('',*,*,#2211,.F.);
#2211 = EDGE_CURVE('',#933,#2204,#2212,.T.);
#2212 = LINE('',#2213,#2214);
#2213 = CARTESIAN_POINT('',(-8.636,2.921,0.9525));
#2214 = VECTOR('',#2215,1.);
#2215 = DIRECTION('',(-1.110223024625E-16,-1.,-1.110223024625E-16));
#2216 = PLANE('',#2217);
#2217 = AXIS2_PLACEMENT_3D('',#2218,#2219,#2220);
#2218 = CARTESIAN_POINT('',(-9.144,2.921,0.9525));
#2219 = DIRECTION('',(5.551115123126E-17,5.551115123126E-17,1.));
#2220 = DIRECTION('',(1.,1.110223024625E-16,1.110223024625E-16));
#2221 = ADVANCED_FACE('',(#2222),#2240,.F.);
#2222 = FACE_BOUND('',#2223,.F.);
#2223 = EDGE_LOOP('',(#2224,#2225,#2226,#2234));
#2224 = ORIENTED_EDGE('',*,*,#932,.F.);
#2225 = ORIENTED_EDGE('',*,*,#2211,.T.);
#2226 = ORIENTED_EDGE('',*,*,#2227,.F.);
#2227 = EDGE_CURVE('',#2228,#2204,#2230,.T.);
#2228 = VERTEX_POINT('',#2229);
#2229 = CARTESIAN_POINT('',(-8.636,0.635,-0.9525));
#2230 = LINE('',#2231,#2232);
#2231 = CARTESIAN_POINT('',(-8.636,0.635,-0.80645));
#2232 = VECTOR('',#2233,1.);
#2233 = DIRECTION('',(0.,5.551115123126E-17,1.));
#2234 = ORIENTED_EDGE('',*,*,#2235,.F.);
#2235 = EDGE_CURVE('',#925,#2228,#2236,.T.);
#2236 = LINE('',#2237,#2238);
#2237 = CARTESIAN_POINT('',(-8.636,2.921,-0.9525));
#2238 = VECTOR('',#2239,1.);
#2239 = DIRECTION('',(-1.110223024625E-16,-1.,-1.110223024625E-16));
#2240 = PLANE('',#2241);
#2241 = AXIS2_PLACEMENT_3D('',#2242,#2243,#2244);
#2242 = CARTESIAN_POINT('',(-8.636,2.921,0.9525));
#2243 = DIRECTION('',(1.,5.551115123126E-17,5.551115123126E-17));
#2244 = DIRECTION('',(-1.110223024625E-16,-1.110223024625E-16,-1.));
#2245 = ADVANCED_FACE('',(#2246),#2257,.F.);
#2246 = FACE_BOUND('',#2247,.F.);
#2247 = EDGE_LOOP('',(#2248,#2249,#2250,#2256));
#2248 = ORIENTED_EDGE('',*,*,#924,.F.);
#2249 = ORIENTED_EDGE('',*,*,#2235,.T.);
#2250 = ORIENTED_EDGE('',*,*,#2251,.F.);
#2251 = EDGE_CURVE('',#2172,#2228,#2252,.T.);
#2252 = LINE('',#2253,#2254);
#2253 = CARTESIAN_POINT('',(-11.303,0.635,-0.9525));
#2254 = VECTOR('',#2255,1.);
#2255 = DIRECTION('',(1.,-1.665334536938E-16,0.));
#2256 = ORIENTED_EDGE('',*,*,#2171,.F.);
#2257 = PLANE('',#2258);
#2258 = AXIS2_PLACEMENT_3D('',#2259,#2260,#2261);
#2259 = CARTESIAN_POINT('',(-8.636,2.921,-0.9525));
#2260 = DIRECTION('',(-5.551115123126E-17,-5.551115123126E-17,-1.));
#2261 = DIRECTION('',(-1.,-1.110223024625E-16,-1.110223024625E-16));
#2262 = ADVANCED_FACE('',(#2263),#2288,.F.);
#2263 = FACE_BOUND('',#2264,.F.);
#2264 = EDGE_LOOP('',(#2265,#2266,#2274,#2282));
#2265 = ORIENTED_EDGE('',*,*,#948,.F.);
#2266 = ORIENTED_EDGE('',*,*,#2267,.T.);
#2267 = EDGE_CURVE('',#949,#2268,#2270,.T.);
#2268 = VERTEX_POINT('',#2269);
#2269 = CARTESIAN_POINT('',(-11.684,0.635,-0.9525));
#2270 = LINE('',#2271,#2272);
#2271 = CARTESIAN_POINT('',(-11.684,2.921,-0.9525));
#2272 = VECTOR('',#2273,1.);
#2273 = DIRECTION('',(-1.110223024625E-16,-1.,-1.110223024625E-16));
#2274 = ORIENTED_EDGE('',*,*,#2275,.F.);
#2275 = EDGE_CURVE('',#2276,#2268,#2278,.T.);
#2276 = VERTEX_POINT('',#2277);
#2277 = CARTESIAN_POINT('',(-11.684,0.635,0.9525));
#2278 = LINE('',#2279,#2280);
#2279 = CARTESIAN_POINT('',(-11.684,0.635,-1.75895));
#2280 = VECTOR('',#2281,1.);
#2281 = DIRECTION('',(-0.,-5.551115123126E-17,-1.));
#2282 = ORIENTED_EDGE('',*,*,#2283,.F.);
#2283 = EDGE_CURVE('',#951,#2276,#2284,.T.);
#2284 = LINE('',#2285,#2286);
#2285 = CARTESIAN_POINT('',(-11.684,2.921,0.9525));
#2286 = VECTOR('',#2287,1.);
#2287 = DIRECTION('',(-1.110223024625E-16,-1.,-1.110223024625E-16));
#2288 = PLANE('',#2289);
#2289 = AXIS2_PLACEMENT_3D('',#2290,#2291,#2292);
#2290 = CARTESIAN_POINT('',(-11.684,2.921,-0.9525));
#2291 = DIRECTION('',(-1.,-5.551115123126E-17,-5.551115123126E-17));
#2292 = DIRECTION('',(1.110223024625E-16,1.110223024625E-16,1.));
#2293 = ADVANCED_FACE('',(#2294),#2312,.F.);
#2294 = FACE_BOUND('',#2295,.F.);
#2295 = EDGE_LOOP('',(#2296,#2297,#2298,#2306));
#2296 = ORIENTED_EDGE('',*,*,#974,.F.);
#2297 = ORIENTED_EDGE('',*,*,#2283,.T.);
#2298 = ORIENTED_EDGE('',*,*,#2299,.F.);
#2299 = EDGE_CURVE('',#2300,#2276,#2302,.T.);
#2300 = VERTEX_POINT('',#2301);
#2301 = CARTESIAN_POINT('',(-11.176,0.635,0.9525));
#2302 = LINE('',#2303,#2304);
#2303 = CARTESIAN_POINT('',(-12.827,0.635,0.9525));
#2304 = VECTOR('',#2305,1.);
#2305 = DIRECTION('',(-1.,1.665334536938E-16,0.));
#2306 = ORIENTED_EDGE('',*,*,#2307,.F.);
#2307 = EDGE_CURVE('',#967,#2300,#2308,.T.);
#2308 = LINE('',#2309,#2310);
#2309 = CARTESIAN_POINT('',(-11.176,2.921,0.9525));
#2310 = VECTOR('',#2311,1.);
#2311 = DIRECTION('',(-1.110223024625E-16,-1.,-1.110223024625E-16));
#2312 = PLANE('',#2313);
#2313 = AXIS2_PLACEMENT_3D('',#2314,#2315,#2316);
#2314 = CARTESIAN_POINT('',(-11.684,2.921,0.9525));
#2315 = DIRECTION('',(5.551115123126E-17,5.551115123126E-17,1.));
#2316 = DIRECTION('',(1.,1.110223024625E-16,1.110223024625E-16));
#2317 = ADVANCED_FACE('',(#2318),#2336,.F.);
#2318 = FACE_BOUND('',#2319,.F.);
#2319 = EDGE_LOOP('',(#2320,#2321,#2322,#2330));
#2320 = ORIENTED_EDGE('',*,*,#966,.F.);
#2321 = ORIENTED_EDGE('',*,*,#2307,.T.);
#2322 = ORIENTED_EDGE('',*,*,#2323,.F.);
#2323 = EDGE_CURVE('',#2324,#2300,#2326,.T.);
#2324 = VERTEX_POINT('',#2325);
#2325 = CARTESIAN_POINT('',(-11.176,0.635,-0.9525));
#2326 = LINE('',#2327,#2328);
#2327 = CARTESIAN_POINT('',(-11.176,0.635,-0.80645));
#2328 = VECTOR('',#2329,1.);
#2329 = DIRECTION('',(0.,5.551115123126E-17,1.));
#2330 = ORIENTED_EDGE('',*,*,#2331,.F.);
#2331 = EDGE_CURVE('',#959,#2324,#2332,.T.);
#2332 = LINE('',#2333,#2334);
#2333 = CARTESIAN_POINT('',(-11.176,2.921,-0.9525));
#2334 = VECTOR('',#2335,1.);
#2335 = DIRECTION('',(-1.110223024625E-16,-1.,-1.110223024625E-16));
#2336 = PLANE('',#2337);
#2337 = AXIS2_PLACEMENT_3D('',#2338,#2339,#2340);
#2338 = CARTESIAN_POINT('',(-11.176,2.921,0.9525));
#2339 = DIRECTION('',(1.,5.551115123126E-17,5.551115123126E-17));
#2340 = DIRECTION('',(-1.110223024625E-16,-1.110223024625E-16,-1.));
#2341 = ADVANCED_FACE('',(#2342),#2353,.F.);
#2342 = FACE_BOUND('',#2343,.F.);
#2343 = EDGE_LOOP('',(#2344,#2345,#2346,#2352));
#2344 = ORIENTED_EDGE('',*,*,#958,.F.);
#2345 = ORIENTED_EDGE('',*,*,#2331,.T.);
#2346 = ORIENTED_EDGE('',*,*,#2347,.F.);
#2347 = EDGE_CURVE('',#2268,#2324,#2348,.T.);
#2348 = LINE('',#2349,#2350);
#2349 = CARTESIAN_POINT('',(-12.573,0.635,-0.9525));
#2350 = VECTOR('',#2351,1.);
#2351 = DIRECTION('',(1.,-1.665334536938E-16,0.));
#2352 = ORIENTED_EDGE('',*,*,#2267,.F.);
#2353 = PLANE('',#2354);
#2354 = AXIS2_PLACEMENT_3D('',#2355,#2356,#2357);
#2355 = CARTESIAN_POINT('',(-11.176,2.921,-0.9525));
#2356 = DIRECTION('',(-5.551115123126E-17,-5.551115123126E-17,-1.));
#2357 = DIRECTION('',(-1.,-1.110223024625E-16,-1.110223024625E-16));
#2358 = ADVANCED_FACE('',(#2359),#2370,.F.);
#2359 = FACE_BOUND('',#2360,.F.);
#2360 = EDGE_LOOP('',(#2361,#2367,#2368,#2369));
#2361 = ORIENTED_EDGE('',*,*,#2362,.F.);
#2362 = EDGE_CURVE('',#1324,#1378,#2363,.T.);
#2363 = LINE('',#2364,#2365);
#2364 = CARTESIAN_POINT('',(0.3175,0.635,-1.44145));
#2365 = VECTOR('',#2366,1.);
#2366 = DIRECTION('',(1.110223024625E-16,2.775557561563E-16,1.));
#2367 = ORIENTED_EDGE('',*,*,#1339,.T.);
#2368 = ORIENTED_EDGE('',*,*,#1053,.F.);
#2369 = ORIENTED_EDGE('',*,*,#1385,.F.);
#2370 = PLANE('',#2371);
#2371 = AXIS2_PLACEMENT_3D('',#2372,#2373,#2374);
#2372 = CARTESIAN_POINT('',(0.3175,-1.233735336115E-16,-0.3175));
#2373 = DIRECTION('',(1.,5.551115123126E-17,2.22044604925E-16));
#2374 = DIRECTION('',(1.110223024625E-16,4.996003610813E-16,1.));
#2375 = ADVANCED_FACE('',(#2376),#2444,.T.);
#2376 = FACE_BOUND('',#2377,.T.);
#2377 = EDGE_LOOP('',(#2378,#2379,#2387,#2395,#2403,#2412,#2420,#2428,
    #2436,#2443));
#2378 = ORIENTED_EDGE('',*,*,#1030,.F.);
#2379 = ORIENTED_EDGE('',*,*,#2380,.F.);
#2380 = EDGE_CURVE('',#2381,#1023,#2383,.T.);
#2381 = VERTEX_POINT('',#2382);
#2382 = CARTESIAN_POINT('',(1.27,0.635,-0.9525));
#2383 = LINE('',#2384,#2385);
#2384 = CARTESIAN_POINT('',(1.27,3.050269631232,-0.9525));
#2385 = VECTOR('',#2386,1.);
#2386 = DIRECTION('',(-1.848892746612E-32,1.,-3.08148791102E-33));
#2387 = ORIENTED_EDGE('',*,*,#2388,.F.);
#2388 = EDGE_CURVE('',#2389,#2381,#2391,.T.);
#2389 = VERTEX_POINT('',#2390);
#2390 = CARTESIAN_POINT('',(1.27,0.635,-2.5654));
#2391 = LINE('',#2392,#2393);
#2392 = CARTESIAN_POINT('',(1.27,0.635,-2.5654));
#2393 = VECTOR('',#2394,1.);
#2394 = DIRECTION('',(2.22044604925E-16,4.440892098501E-16,1.));
#2395 = ORIENTED_EDGE('',*,*,#2396,.F.);
#2396 = EDGE_CURVE('',#2397,#2389,#2399,.T.);
#2397 = VERTEX_POINT('',#2398);
#2398 = CARTESIAN_POINT('',(1.27,0.3048,-2.5654));
#2399 = LINE('',#2400,#2401);
#2400 = CARTESIAN_POINT('',(1.27,0.3048,-2.5654));
#2401 = VECTOR('',#2402,1.);
#2402 = DIRECTION('',(4.440892098501E-16,1.,2.22044604925E-16));
#2403 = ORIENTED_EDGE('',*,*,#2404,.T.);
#2404 = EDGE_CURVE('',#2397,#2405,#2407,.T.);
#2405 = VERTEX_POINT('',#2406);
#2406 = CARTESIAN_POINT('',(1.27,0.3048,-3.175));
#2407 = CIRCLE('',#2408,0.3048);
#2408 = AXIS2_PLACEMENT_3D('',#2409,#2410,#2411);
#2409 = CARTESIAN_POINT('',(1.27,0.3048,-2.8702));
#2410 = DIRECTION('',(1.,-4.440892098501E-16,-2.22044604925E-16));
#2411 = DIRECTION('',(4.440892098501E-16,1.,2.22044604925E-16));
#2412 = ORIENTED_EDGE('',*,*,#2413,.T.);
#2413 = EDGE_CURVE('',#2405,#2414,#2416,.T.);
#2414 = VERTEX_POINT('',#2415);
#2415 = CARTESIAN_POINT('',(1.27,2.921,-3.175));
#2416 = LINE('',#2417,#2418);
#2417 = CARTESIAN_POINT('',(1.27,0.3048,-3.175));
#2418 = VECTOR('',#2419,1.);
#2419 = DIRECTION('',(4.440892098501E-16,1.,2.22044604925E-16));
#2420 = ORIENTED_EDGE('',*,*,#2421,.F.);
#2421 = EDGE_CURVE('',#2422,#2414,#2424,.T.);
#2422 = VERTEX_POINT('',#2423);
#2423 = CARTESIAN_POINT('',(1.27,2.921,-2.661125508872));
#2424 = LINE('',#2425,#2426);
#2425 = CARTESIAN_POINT('',(1.27,2.921,3.1496));
#2426 = VECTOR('',#2427,1.);
#2427 = DIRECTION('',(-1.110223024625E-16,-2.22044604925E-16,-1.));
#2428 = ORIENTED_EDGE('',*,*,#2429,.T.);
#2429 = EDGE_CURVE('',#2422,#2430,#2432,.T.);
#2430 = VERTEX_POINT('',#2431);
#2431 = CARTESIAN_POINT('',(1.27,2.3114,-2.7432));
#2432 = LINE('',#2433,#2434);
#2433 = CARTESIAN_POINT('',(1.27,4.526612567019,-2.444951239866));
#2434 = VECTOR('',#2435,1.);
#2435 = DIRECTION('',(-4.69746119654E-16,-0.991057877156,-0.133432695121
    ));
#2436 = ORIENTED_EDGE('',*,*,#2437,.F.);
#2437 = EDGE_CURVE('',#1299,#2430,#2438,.T.);
#2438 = CIRCLE('',#2439,0.4064);
#2439 = AXIS2_PLACEMENT_3D('',#2440,#2441,#2442);
#2440 = CARTESIAN_POINT('',(1.27,2.3114,-2.3368));
#2441 = DIRECTION('',(1.,-4.440892098501E-16,-2.22044604925E-16));
#2442 = DIRECTION('',(4.440892098501E-16,1.,2.22044604925E-16));
#2443 = ORIENTED_EDGE('',*,*,#1298,.F.);
#2444 = PLANE('',#2445);
#2445 = AXIS2_PLACEMENT_3D('',#2446,#2447,#2448);
#2446 = CARTESIAN_POINT('',(1.27,3.179539262465,-1.211087068042));
#2447 = DIRECTION('',(1.,2.22044604925E-16,4.440892098501E-16));
#2448 = DIRECTION('',(2.22044604925E-16,4.440892098501E-16,1.));
#2449 = ADVANCED_FACE('',(#2450),#2468,.F.);
#2450 = FACE_BOUND('',#2451,.F.);
#2451 = EDGE_LOOP('',(#2452,#2453,#2454,#2462));
#2452 = ORIENTED_EDGE('',*,*,#1022,.F.);
#2453 = ORIENTED_EDGE('',*,*,#2380,.F.);
#2454 = ORIENTED_EDGE('',*,*,#2455,.F.);
#2455 = EDGE_CURVE('',#2456,#2381,#2458,.T.);
#2456 = VERTEX_POINT('',#2457);
#2457 = CARTESIAN_POINT('',(1.016,0.635,-0.9525));
#2458 = LINE('',#2459,#2460);
#2459 = CARTESIAN_POINT('',(-6.223,0.635,-0.9525));
#2460 = VECTOR('',#2461,1.);
#2461 = DIRECTION('',(1.,-1.665334536938E-16,5.551115123126E-17));
#2462 = ORIENTED_EDGE('',*,*,#2463,.F.);
#2463 = EDGE_CURVE('',#1015,#2456,#2464,.T.);
#2464 = LINE('',#2465,#2466);
#2465 = CARTESIAN_POINT('',(1.016,2.921,-0.9525));
#2466 = VECTOR('',#2467,1.);
#2467 = DIRECTION('',(-5.551115123126E-17,-1.,-0.));
#2468 = PLANE('',#2469);
#2469 = AXIS2_PLACEMENT_3D('',#2470,#2471,#2472);
#2470 = CARTESIAN_POINT('',(1.524,2.921,-0.9525));
#2471 = DIRECTION('',(5.551115123126E-17,-3.08148791102E-33,-1.));
#2472 = DIRECTION('',(-1.,0.,-5.551115123126E-17));
#2473 = ADVANCED_FACE('',(#2474),#2492,.F.);
#2474 = FACE_BOUND('',#2475,.F.);
#2475 = EDGE_LOOP('',(#2476,#2477,#2478,#2486));
#2476 = ORIENTED_EDGE('',*,*,#1014,.F.);
#2477 = ORIENTED_EDGE('',*,*,#2463,.T.);
#2478 = ORIENTED_EDGE('',*,*,#2479,.F.);
#2479 = EDGE_CURVE('',#2480,#2456,#2482,.T.);
#2480 = VERTEX_POINT('',#2481);
#2481 = CARTESIAN_POINT('',(1.016,0.635,0.9525));
#2482 = LINE('',#2483,#2484);
#2483 = CARTESIAN_POINT('',(1.016,0.635,-1.75895));
#2484 = VECTOR('',#2485,1.);
#2485 = DIRECTION('',(6.842277657836E-49,-5.551115123126E-17,-1.));
#2486 = ORIENTED_EDGE('',*,*,#2487,.F.);
#2487 = EDGE_CURVE('',#1007,#2480,#2488,.T.);
#2488 = LINE('',#2489,#2490);
#2489 = CARTESIAN_POINT('',(1.016,2.921,0.9525));
#2490 = VECTOR('',#2491,1.);
#2491 = DIRECTION('',(-5.551115123126E-17,-1.,-0.));
#2492 = PLANE('',#2493);
#2493 = AXIS2_PLACEMENT_3D('',#2494,#2495,#2496);
#2494 = CARTESIAN_POINT('',(1.016,2.921,-0.9525));
#2495 = DIRECTION('',(-1.,5.551115123126E-17,-3.08148791102E-33));
#2496 = DIRECTION('',(0.,5.551115123126E-17,1.));
#2497 = ADVANCED_FACE('',(#2498),#2509,.F.);
#2498 = FACE_BOUND('',#2499,.F.);
#2499 = EDGE_LOOP('',(#2500,#2501,#2502,#2508));
#2500 = ORIENTED_EDGE('',*,*,#1006,.F.);
#2501 = ORIENTED_EDGE('',*,*,#2487,.T.);
#2502 = ORIENTED_EDGE('',*,*,#2503,.F.);
#2503 = EDGE_CURVE('',#1111,#2480,#2504,.T.);
#2504 = LINE('',#2505,#2506);
#2505 = CARTESIAN_POINT('',(-6.477,0.635,0.9525));
#2506 = VECTOR('',#2507,1.);
#2507 = DIRECTION('',(-1.,1.665334536938E-16,-5.551115123126E-17));
#2508 = ORIENTED_EDGE('',*,*,#1118,.F.);
#2509 = PLANE('',#2510);
#2510 = AXIS2_PLACEMENT_3D('',#2511,#2512,#2513);
#2511 = CARTESIAN_POINT('',(1.016,2.921,0.9525));
#2512 = DIRECTION('',(-5.551115123126E-17,3.08148791102E-33,1.));
#2513 = DIRECTION('',(1.,0.,5.551115123126E-17));
#2514 = ADVANCED_FACE('',(#2515,#2534,#2540,#2546,#2552,#2558,#2564,
    #2570,#2576,#2582,#2588,#2594),#2600,.T.);
#2515 = FACE_BOUND('',#2516,.T.);
#2516 = EDGE_LOOP('',(#2517,#2518,#2524,#2525,#2526,#2527,#2528,#2529,
    #2530,#2531,#2532,#2533));
#2517 = ORIENTED_EDGE('',*,*,#1224,.F.);
#2518 = ORIENTED_EDGE('',*,*,#2519,.T.);
#2519 = EDGE_CURVE('',#1225,#2389,#2520,.T.);
#2520 = LINE('',#2521,#2522);
#2521 = CARTESIAN_POINT('',(-13.97,0.635,-2.5654));
#2522 = VECTOR('',#2523,1.);
#2523 = DIRECTION('',(1.,1.665334536938E-16,3.885780586188E-16));
#2524 = ORIENTED_EDGE('',*,*,#2388,.T.);
#2525 = ORIENTED_EDGE('',*,*,#2455,.F.);
#2526 = ORIENTED_EDGE('',*,*,#2479,.F.);
#2527 = ORIENTED_EDGE('',*,*,#2503,.F.);
#2528 = ORIENTED_EDGE('',*,*,#1110,.T.);
#2529 = ORIENTED_EDGE('',*,*,#1133,.F.);
#2530 = ORIENTED_EDGE('',*,*,#1077,.F.);
#2531 = ORIENTED_EDGE('',*,*,#1152,.F.);
#2532 = ORIENTED_EDGE('',*,*,#1176,.F.);
#2533 = ORIENTED_EDGE('',*,*,#1200,.F.);
#2534 = FACE_BOUND('',#2535,.T.);
#2535 = EDGE_LOOP('',(#2536,#2537,#2538,#2539));
#2536 = ORIENTED_EDGE('',*,*,#1603,.F.);
#2537 = ORIENTED_EDGE('',*,*,#1627,.F.);
#2538 = ORIENTED_EDGE('',*,*,#1651,.F.);
#2539 = ORIENTED_EDGE('',*,*,#1675,.F.);
#2540 = FACE_BOUND('',#2541,.T.);
#2541 = EDGE_LOOP('',(#2542,#2543,#2544,#2545));
#2542 = ORIENTED_EDGE('',*,*,#1321,.F.);
#2543 = ORIENTED_EDGE('',*,*,#1353,.F.);
#2544 = ORIENTED_EDGE('',*,*,#1377,.F.);
#2545 = ORIENTED_EDGE('',*,*,#2362,.F.);
#2546 = FACE_BOUND('',#2547,.T.);
#2547 = EDGE_LOOP('',(#2548,#2549,#2550,#2551));
#2548 = ORIENTED_EDGE('',*,*,#1411,.F.);
#2549 = ORIENTED_EDGE('',*,*,#1435,.F.);
#2550 = ORIENTED_EDGE('',*,*,#1459,.F.);
#2551 = ORIENTED_EDGE('',*,*,#1483,.F.);
#2552 = FACE_BOUND('',#2553,.T.);
#2553 = EDGE_LOOP('',(#2554,#2555,#2556,#2557));
#2554 = ORIENTED_EDGE('',*,*,#1498,.F.);
#2555 = ORIENTED_EDGE('',*,*,#1553,.F.);
#2556 = ORIENTED_EDGE('',*,*,#1577,.F.);
#2557 = ORIENTED_EDGE('',*,*,#1529,.F.);
#2558 = FACE_BOUND('',#2559,.T.);
#2559 = EDGE_LOOP('',(#2560,#2561,#2562,#2563));
#2560 = ORIENTED_EDGE('',*,*,#1690,.F.);
#2561 = ORIENTED_EDGE('',*,*,#1745,.F.);
#2562 = ORIENTED_EDGE('',*,*,#1769,.F.);
#2563 = ORIENTED_EDGE('',*,*,#1721,.F.);
#2564 = FACE_BOUND('',#2565,.T.);
#2565 = EDGE_LOOP('',(#2566,#2567,#2568,#2569));
#2566 = ORIENTED_EDGE('',*,*,#1795,.F.);
#2567 = ORIENTED_EDGE('',*,*,#1819,.F.);
#2568 = ORIENTED_EDGE('',*,*,#1843,.F.);
#2569 = ORIENTED_EDGE('',*,*,#1867,.F.);
#2570 = FACE_BOUND('',#2571,.T.);
#2571 = EDGE_LOOP('',(#2572,#2573,#2574,#2575));
#2572 = ORIENTED_EDGE('',*,*,#2179,.F.);
#2573 = ORIENTED_EDGE('',*,*,#2203,.F.);
#2574 = ORIENTED_EDGE('',*,*,#2227,.F.);
#2575 = ORIENTED_EDGE('',*,*,#2251,.F.);
#2576 = FACE_BOUND('',#2577,.T.);
#2577 = EDGE_LOOP('',(#2578,#2579,#2580,#2581));
#2578 = ORIENTED_EDGE('',*,*,#2275,.F.);
#2579 = ORIENTED_EDGE('',*,*,#2299,.F.);
#2580 = ORIENTED_EDGE('',*,*,#2323,.F.);
#2581 = ORIENTED_EDGE('',*,*,#2347,.F.);
#2582 = FACE_BOUND('',#2583,.T.);
#2583 = EDGE_LOOP('',(#2584,#2585,#2586,#2587));
#2584 = ORIENTED_EDGE('',*,*,#1882,.F.);
#2585 = ORIENTED_EDGE('',*,*,#1937,.F.);
#2586 = ORIENTED_EDGE('',*,*,#1961,.F.);
#2587 = ORIENTED_EDGE('',*,*,#1913,.F.);
#2588 = FACE_BOUND('',#2589,.T.);
#2589 = EDGE_LOOP('',(#2590,#2591,#2592,#2593));
#2590 = ORIENTED_EDGE('',*,*,#1978,.F.);
#2591 = ORIENTED_EDGE('',*,*,#2033,.F.);
#2592 = ORIENTED_EDGE('',*,*,#2057,.F.);
#2593 = ORIENTED_EDGE('',*,*,#2009,.F.);
#2594 = FACE_BOUND('',#2595,.T.);
#2595 = EDGE_LOOP('',(#2596,#2597,#2598,#2599));
#2596 = ORIENTED_EDGE('',*,*,#2074,.F.);
#2597 = ORIENTED_EDGE('',*,*,#2129,.F.);
#2598 = ORIENTED_EDGE('',*,*,#2153,.F.);
#2599 = ORIENTED_EDGE('',*,*,#2105,.F.);
#2600 = PLANE('',#2601);
#2601 = AXIS2_PLACEMENT_3D('',#2602,#2603,#2604);
#2602 = CARTESIAN_POINT('',(-13.97,0.635,-2.5654));
#2603 = DIRECTION('',(-3.330669073875E-16,-1.,-1.110223024625E-16));
#2604 = DIRECTION('',(1.665334536938E-16,3.885780586188E-16,1.));
#2605 = ADVANCED_FACE('',(#2606),#2617,.F.);
#2606 = FACE_BOUND('',#2607,.T.);
#2607 = EDGE_LOOP('',(#2608,#2609,#2610,#2616));
#2608 = ORIENTED_EDGE('',*,*,#1306,.T.);
#2609 = ORIENTED_EDGE('',*,*,#2437,.T.);
#2610 = ORIENTED_EDGE('',*,*,#2611,.F.);
#2611 = EDGE_CURVE('',#1266,#2430,#2612,.T.);
#2612 = LINE('',#2613,#2614);
#2613 = CARTESIAN_POINT('',(-13.97,2.3114,-2.7432));
#2614 = VECTOR('',#2615,1.);
#2615 = DIRECTION('',(1.,1.665334536938E-16,3.885780586188E-16));
#2616 = ORIENTED_EDGE('',*,*,#1273,.F.);
#2617 = CYLINDRICAL_SURFACE('',#2618,0.4064);
#2618 = AXIS2_PLACEMENT_3D('',#2619,#2620,#2621);
#2619 = CARTESIAN_POINT('',(-13.97,2.3114,-2.3368));
#2620 = DIRECTION('',(-1.,-1.110223024625E-16,-3.330669073875E-16));
#2621 = DIRECTION('',(3.885780586188E-16,1.,1.665334536938E-16));
#2622 = ADVANCED_FACE('',(#2623),#2658,.F.);
#2623 = FACE_BOUND('',#2624,.F.);
#2624 = EDGE_LOOP('',(#2625,#2633,#2641,#2649,#2655,#2656,#2657));
#2625 = ORIENTED_EDGE('',*,*,#2626,.F.);
#2626 = EDGE_CURVE('',#2627,#1258,#2629,.T.);
#2627 = VERTEX_POINT('',#2628);
#2628 = CARTESIAN_POINT('',(-13.97,4.526612567019,-2.444951239866));
#2629 = LINE('',#2630,#2631);
#2630 = CARTESIAN_POINT('',(-13.97,4.526612567019,-2.444951239866));
#2631 = VECTOR('',#2632,1.);
#2632 = DIRECTION('',(-4.69746119654E-16,-0.991057877156,-0.133432695121
    ));
#2633 = ORIENTED_EDGE('',*,*,#2634,.T.);
#2634 = EDGE_CURVE('',#2627,#2635,#2637,.T.);
#2635 = VERTEX_POINT('',#2636);
#2636 = CARTESIAN_POINT('',(6.849583437673E-16,4.526612567019,
    -2.444951239866));
#2637 = LINE('',#2638,#2639);
#2638 = CARTESIAN_POINT('',(-13.97,4.526612567019,-2.444951239866));
#2639 = VECTOR('',#2640,1.);
#2640 = DIRECTION('',(1.,1.665334536938E-16,3.885780586188E-16));
#2641 = ORIENTED_EDGE('',*,*,#2642,.T.);
#2642 = EDGE_CURVE('',#2635,#2643,#2645,.T.);
#2643 = VERTEX_POINT('',#2644);
#2644 = CARTESIAN_POINT('',(9.201250872337E-16,2.921,-2.661125508872));
#2645 = LINE('',#2646,#2647);
#2646 = CARTESIAN_POINT('',(2.622488476296E-15,3.600818601254,
    -2.569597021738));
#2647 = VECTOR('',#2648,1.);
#2648 = DIRECTION('',(-1.724512936112E-16,-0.991057877156,
    -0.133432695121));
#2649 = ORIENTED_EDGE('',*,*,#2650,.T.);
#2650 = EDGE_CURVE('',#2643,#2422,#2651,.T.);
#2651 = LINE('',#2652,#2653);
#2652 = CARTESIAN_POINT('',(-10.4775,2.921,-2.661125508872));
#2653 = VECTOR('',#2654,1.);
#2654 = DIRECTION('',(1.,1.274083279928E-32,1.740072881577E-16));
#2655 = ORIENTED_EDGE('',*,*,#2429,.T.);
#2656 = ORIENTED_EDGE('',*,*,#2611,.F.);
#2657 = ORIENTED_EDGE('',*,*,#1265,.F.);
#2658 = PLANE('',#2659);
#2659 = AXIS2_PLACEMENT_3D('',#2660,#2661,#2662);
#2660 = CARTESIAN_POINT('',(-13.97,4.526612567019,-2.444951239866));
#2661 = DIRECTION('',(-6.558751228723E-17,0.133432695121,-0.991057877156
    ));
#2662 = DIRECTION('',(-4.073243534382E-16,-0.991057877156,
    -0.133432695121));
#2663 = ADVANCED_FACE('',(#2664),#2708,.F.);
#2664 = FACE_BOUND('',#2665,.F.);
#2665 = EDGE_LOOP('',(#2666,#2667,#2668,#2676,#2685,#2693,#2702));
#2666 = ORIENTED_EDGE('',*,*,#2626,.T.);
#2667 = ORIENTED_EDGE('',*,*,#1257,.F.);
#2668 = ORIENTED_EDGE('',*,*,#2669,.T.);
#2669 = EDGE_CURVE('',#1250,#2670,#2672,.T.);
#2670 = VERTEX_POINT('',#2671);
#2671 = CARTESIAN_POINT('',(-13.97,7.493,-3.175));
#2672 = LINE('',#2673,#2674);
#2673 = CARTESIAN_POINT('',(-13.97,0.3048,-3.175));
#2674 = VECTOR('',#2675,1.);
#2675 = DIRECTION('',(4.440892098501E-16,1.,2.22044604925E-16));
#2676 = ORIENTED_EDGE('',*,*,#2677,.T.);
#2677 = EDGE_CURVE('',#2670,#2678,#2680,.T.);
#2678 = VERTEX_POINT('',#2679);
#2679 = CARTESIAN_POINT('',(-13.97,7.922890213538,-2.07264638195));
#2680 = CIRCLE('',#2681,0.635);
#2681 = AXIS2_PLACEMENT_3D('',#2682,#2683,#2684);
#2682 = CARTESIAN_POINT('',(-13.97,7.493,-2.54));
#2683 = DIRECTION('',(1.,-4.440892098501E-16,-2.22044604925E-16));
#2684 = DIRECTION('',(4.440892098501E-16,1.,2.22044604925E-16));
#2685 = ORIENTED_EDGE('',*,*,#2686,.T.);
#2686 = EDGE_CURVE('',#2678,#2687,#2689,.T.);
#2687 = VERTEX_POINT('',#2688);
#2688 = CARTESIAN_POINT('',(-13.97,6.992868256245,-1.21717565834));
#2689 = LINE('',#2690,#2691);
#2690 = CARTESIAN_POINT('',(-13.97,7.922890213538,-2.07264638195));
#2691 = VECTOR('',#2692,1.);
#2692 = DIRECTION('',(-1.765226713927E-16,-0.735989949685,0.676992462264
    ));
#2693 = ORIENTED_EDGE('',*,*,#2694,.T.);
#2694 = EDGE_CURVE('',#2687,#2695,#2697,.T.);
#2695 = VERTEX_POINT('',#2696);
#2696 = CARTESIAN_POINT('',(-13.97,5.981371396503,-1.199211362071));
#2697 = CIRCLE('',#2698,0.762);
#2698 = AXIS2_PLACEMENT_3D('',#2699,#2700,#2701);
#2699 = CARTESIAN_POINT('',(-13.97,6.477,-1.778));
#2700 = DIRECTION('',(1.,-4.440892098501E-16,-2.22044604925E-16));
#2701 = DIRECTION('',(4.440892098501E-16,1.,2.22044604925E-16));
#2702 = ORIENTED_EDGE('',*,*,#2703,.T.);
#2703 = EDGE_CURVE('',#2695,#2627,#2704,.T.);
#2704 = LINE('',#2705,#2706);
#2705 = CARTESIAN_POINT('',(-13.97,5.981371396503,-1.199211362071));
#2706 = VECTOR('',#2707,1.);
#2707 = DIRECTION('',(-4.817394308938E-16,-0.759565141639,
    -0.650431238185));
#2708 = PLANE('',#2709);
#2709 = AXIS2_PLACEMENT_3D('',#2710,#2711,#2712);
#2710 = CARTESIAN_POINT('',(-13.97,3.179539262465,-1.211087068042));
#2711 = DIRECTION('',(1.,2.22044604925E-16,4.440892098501E-16));
#2712 = DIRECTION('',(2.22044604925E-16,4.440892098501E-16,1.));
#2713 = ADVANCED_FACE('',(#2714),#2747,.F.);
#2714 = FACE_BOUND('',#2715,.F.);
#2715 = EDGE_LOOP('',(#2716,#2717,#2723,#2724,#2732,#2740,#2746));
#2716 = ORIENTED_EDGE('',*,*,#1249,.F.);
#2717 = ORIENTED_EDGE('',*,*,#2718,.T.);
#2718 = EDGE_CURVE('',#1241,#2405,#2719,.T.);
#2719 = LINE('',#2720,#2721);
#2720 = CARTESIAN_POINT('',(-13.97,0.3048,-3.175));
#2721 = VECTOR('',#2722,1.);
#2722 = DIRECTION('',(1.,1.665334536938E-16,3.885780586188E-16));
#2723 = ORIENTED_EDGE('',*,*,#2413,.T.);
#2724 = ORIENTED_EDGE('',*,*,#2725,.T.);
#2725 = EDGE_CURVE('',#2414,#2726,#2728,.T.);
#2726 = VERTEX_POINT('',#2727);
#2727 = CARTESIAN_POINT('',(9.201250872337E-16,2.921,-3.175));
#2728 = LINE('',#2729,#2730);
#2729 = CARTESIAN_POINT('',(-10.4775,2.921,-3.175));
#2730 = VECTOR('',#2731,1.);
#2731 = DIRECTION('',(-1.,-6.162975822039E-33,-1.665334536938E-16));
#2732 = ORIENTED_EDGE('',*,*,#2733,.T.);
#2733 = EDGE_CURVE('',#2726,#2734,#2736,.T.);
#2734 = VERTEX_POINT('',#2735);
#2735 = CARTESIAN_POINT('',(8.4962592517E-16,7.493,-3.175));
#2736 = LINE('',#2737,#2738);
#2737 = CARTESIAN_POINT('',(5.986489082233E-16,1.6129,-3.175));
#2738 = VECTOR('',#2739,1.);
#2739 = DIRECTION('',(1.665334536938E-16,1.,-5.551115123126E-17));
#2740 = ORIENTED_EDGE('',*,*,#2741,.F.);
#2741 = EDGE_CURVE('',#2670,#2734,#2742,.T.);
#2742 = LINE('',#2743,#2744);
#2743 = CARTESIAN_POINT('',(-13.97,7.493,-3.175));
#2744 = VECTOR('',#2745,1.);
#2745 = DIRECTION('',(1.,1.665334536938E-16,3.885780586188E-16));
#2746 = ORIENTED_EDGE('',*,*,#2669,.F.);
#2747 = PLANE('',#2748);
#2748 = AXIS2_PLACEMENT_3D('',#2749,#2750,#2751);
#2749 = CARTESIAN_POINT('',(-13.97,0.3048,-3.175));
#2750 = DIRECTION('',(1.110223024625E-16,3.330669073875E-16,1.));
#2751 = DIRECTION('',(3.885780586188E-16,1.,1.665334536938E-16));
#2752 = ADVANCED_FACE('',(#2753),#2764,.T.);
#2753 = FACE_BOUND('',#2754,.F.);
#2754 = EDGE_LOOP('',(#2755,#2761,#2762,#2763));
#2755 = ORIENTED_EDGE('',*,*,#2756,.T.);
#2756 = EDGE_CURVE('',#1233,#2397,#2757,.T.);
#2757 = LINE('',#2758,#2759);
#2758 = CARTESIAN_POINT('',(-13.97,0.3048,-2.5654));
#2759 = VECTOR('',#2760,1.);
#2760 = DIRECTION('',(1.,1.665334536938E-16,3.885780586188E-16));
#2761 = ORIENTED_EDGE('',*,*,#2404,.T.);
#2762 = ORIENTED_EDGE('',*,*,#2718,.F.);
#2763 = ORIENTED_EDGE('',*,*,#1240,.F.);
#2764 = CYLINDRICAL_SURFACE('',#2765,0.3048);
#2765 = AXIS2_PLACEMENT_3D('',#2766,#2767,#2768);
#2766 = CARTESIAN_POINT('',(-13.97,0.3048,-2.8702));
#2767 = DIRECTION('',(-1.,-1.110223024625E-16,-3.330669073875E-16));
#2768 = DIRECTION('',(3.885780586188E-16,1.,1.665334536938E-16));
#2769 = ADVANCED_FACE('',(#2770),#2776,.T.);
#2770 = FACE_BOUND('',#2771,.T.);
#2771 = EDGE_LOOP('',(#2772,#2773,#2774,#2775));
#2772 = ORIENTED_EDGE('',*,*,#2756,.T.);
#2773 = ORIENTED_EDGE('',*,*,#2396,.T.);
#2774 = ORIENTED_EDGE('',*,*,#2519,.F.);
#2775 = ORIENTED_EDGE('',*,*,#1232,.F.);
#2776 = PLANE('',#2777);
#2777 = AXIS2_PLACEMENT_3D('',#2778,#2779,#2780);
#2778 = CARTESIAN_POINT('',(-13.97,0.3048,-2.5654));
#2779 = DIRECTION('',(1.110223024625E-16,3.330669073875E-16,1.));
#2780 = DIRECTION('',(3.885780586188E-16,1.,1.665334536938E-16));
#2781 = ADVANCED_FACE('',(#2782),#2793,.T.);
#2782 = FACE_BOUND('',#2783,.T.);
#2783 = EDGE_LOOP('',(#2784,#2785,#2786,#2787));
#2784 = ORIENTED_EDGE('',*,*,#2650,.T.);
#2785 = ORIENTED_EDGE('',*,*,#2421,.T.);
#2786 = ORIENTED_EDGE('',*,*,#2725,.T.);
#2787 = ORIENTED_EDGE('',*,*,#2788,.T.);
#2788 = EDGE_CURVE('',#2726,#2643,#2789,.T.);
#2789 = LINE('',#2790,#2791);
#2790 = CARTESIAN_POINT('',(8.881784197001E-16,2.921,-4.5212));
#2791 = VECTOR('',#2792,1.);
#2792 = DIRECTION('',(1.110223024625E-16,2.22044604925E-16,1.));
#2793 = PLANE('',#2794);
#2794 = AXIS2_PLACEMENT_3D('',#2795,#2796,#2797);
#2795 = CARTESIAN_POINT('',(-6.985,2.921,-0.6858));
#2796 = DIRECTION('',(2.22044604925E-16,1.,1.110223024625E-16));
#2797 = DIRECTION('',(1.110223024625E-16,2.22044604925E-16,1.));
#2798 = ADVANCED_FACE('',(#2799),#2836,.T.);
#2799 = FACE_BOUND('',#2800,.T.);
#2800 = EDGE_LOOP('',(#2801,#2802,#2803,#2812,#2820,#2829,#2835));
#2801 = ORIENTED_EDGE('',*,*,#2788,.F.);
#2802 = ORIENTED_EDGE('',*,*,#2733,.T.);
#2803 = ORIENTED_EDGE('',*,*,#2804,.F.);
#2804 = EDGE_CURVE('',#2805,#2734,#2807,.T.);
#2805 = VERTEX_POINT('',#2806);
#2806 = CARTESIAN_POINT('',(8.734896258265E-16,7.922890213538,
    -2.07264638195));
#2807 = CIRCLE('',#2808,0.635);
#2808 = AXIS2_PLACEMENT_3D('',#2809,#2810,#2811);
#2809 = CARTESIAN_POINT('',(1.124572657218E-15,7.493,-2.54));
#2810 = DIRECTION('',(-1.,1.665334536938E-16,-5.551115123126E-17));
#2811 = DIRECTION('',(1.665334536938E-16,1.,5.551115123126E-17));
#2812 = ORIENTED_EDGE('',*,*,#2813,.T.);
#2813 = EDGE_CURVE('',#2805,#2814,#2816,.T.);
#2814 = VERTEX_POINT('',#2815);
#2815 = CARTESIAN_POINT('',(8.218630363069E-16,6.992868256245,
    -1.21717565834));
#2816 = LINE('',#2817,#2818);
#2817 = CARTESIAN_POINT('',(3.189585730096E-15,7.178182984081,
    -1.387635423375));
#2818 = VECTOR('',#2819,1.);
#2819 = DIRECTION('',(-8.498631724984E-17,-0.735989949685,0.676992462264
    ));
#2820 = ORIENTED_EDGE('',*,*,#2821,.F.);
#2821 = EDGE_CURVE('',#2822,#2814,#2824,.T.);
#2822 = VERTEX_POINT('',#2823);
#2823 = CARTESIAN_POINT('',(7.657136811558E-16,5.981371396503,
    -1.199211362071));
#2824 = CIRCLE('',#2825,0.762);
#2825 = AXIS2_PLACEMENT_3D('',#2826,#2827,#2828);
#2826 = CARTESIAN_POINT('',(1.054073495155E-15,6.477,-1.778));
#2827 = DIRECTION('',(-1.,1.665334536938E-16,-5.551115123126E-17));
#2828 = DIRECTION('',(1.665334536938E-16,1.,5.551115123126E-17));
#2829 = ORIENTED_EDGE('',*,*,#2830,.T.);
#2830 = EDGE_CURVE('',#2822,#2635,#2831,.T.);
#2831 = LINE('',#2832,#2833);
#2832 = CARTESIAN_POINT('',(9.136161530173E-16,4.277941512345,
    -2.657893373629));
#2833 = VECTOR('',#2834,1.);
#2834 = DIRECTION('',(-1.625991931709E-16,-0.759565141639,
    -0.650431238185));
#2835 = ORIENTED_EDGE('',*,*,#2642,.T.);
#2836 = PLANE('',#2837);
#2837 = AXIS2_PLACEMENT_3D('',#2838,#2839,#2840);
#2838 = CARTESIAN_POINT('',(8.312961430335E-16,2.921,-4.5212));
#2839 = DIRECTION('',(1.,3.08148791102E-33,1.110223024625E-16));
#2840 = DIRECTION('',(5.551115123126E-17,1.665334536938E-16,1.));
#2841 = ADVANCED_FACE('',(#2842),#2853,.F.);
#2842 = FACE_BOUND('',#2843,.F.);
#2843 = EDGE_LOOP('',(#2844,#2845,#2851,#2852));
#2844 = ORIENTED_EDGE('',*,*,#2703,.F.);
#2845 = ORIENTED_EDGE('',*,*,#2846,.T.);
#2846 = EDGE_CURVE('',#2695,#2822,#2847,.T.);
#2847 = LINE('',#2848,#2849);
#2848 = CARTESIAN_POINT('',(-13.97,5.981371396503,-1.199211362071));
#2849 = VECTOR('',#2850,1.);
#2850 = DIRECTION('',(1.,1.665334536938E-16,3.885780586188E-16));
#2851 = ORIENTED_EDGE('',*,*,#2830,.T.);
#2852 = ORIENTED_EDGE('',*,*,#2634,.F.);
#2853 = PLANE('',#2854);
#2854 = AXIS2_PLACEMENT_3D('',#2855,#2856,#2857);
#2855 = CARTESIAN_POINT('',(-13.97,5.981371396503,-1.199211362071));
#2856 = DIRECTION('',(1.323084500757E-16,0.650431238185,-0.759565141639)
  );
#2857 = DIRECTION('',(-4.034689086178E-16,-0.759565141639,
    -0.650431238185));
#2858 = ADVANCED_FACE('',(#2859),#2870,.T.);
#2859 = FACE_BOUND('',#2860,.F.);
#2860 = EDGE_LOOP('',(#2861,#2862,#2868,#2869));
#2861 = ORIENTED_EDGE('',*,*,#2694,.F.);
#2862 = ORIENTED_EDGE('',*,*,#2863,.T.);
#2863 = EDGE_CURVE('',#2687,#2814,#2864,.T.);
#2864 = LINE('',#2865,#2866);
#2865 = CARTESIAN_POINT('',(-13.97,6.992868256245,-1.21717565834));
#2866 = VECTOR('',#2867,1.);
#2867 = DIRECTION('',(1.,1.665334536938E-16,3.885780586188E-16));
#2868 = ORIENTED_EDGE('',*,*,#2821,.F.);
#2869 = ORIENTED_EDGE('',*,*,#2846,.F.);
#2870 = CYLINDRICAL_SURFACE('',#2871,0.762);
#2871 = AXIS2_PLACEMENT_3D('',#2872,#2873,#2874);
#2872 = CARTESIAN_POINT('',(-13.97,6.477,-1.778));
#2873 = DIRECTION('',(-1.,-1.110223024625E-16,-3.330669073875E-16));
#2874 = DIRECTION('',(3.885780586188E-16,1.,1.665334536938E-16));
#2875 = ADVANCED_FACE('',(#2876),#2887,.F.);
#2876 = FACE_BOUND('',#2877,.F.);
#2877 = EDGE_LOOP('',(#2878,#2879,#2885,#2886));
#2878 = ORIENTED_EDGE('',*,*,#2686,.F.);
#2879 = ORIENTED_EDGE('',*,*,#2880,.T.);
#2880 = EDGE_CURVE('',#2678,#2805,#2881,.T.);
#2881 = LINE('',#2882,#2883);
#2882 = CARTESIAN_POINT('',(-13.97,7.922890213538,-2.07264638195));
#2883 = VECTOR('',#2884,1.);
#2884 = DIRECTION('',(1.,1.665334536938E-16,3.885780586188E-16));
#2885 = ORIENTED_EDGE('',*,*,#2813,.T.);
#2886 = ORIENTED_EDGE('',*,*,#2863,.F.);
#2887 = PLANE('',#2888);
#2888 = AXIS2_PLACEMENT_3D('',#2889,#2890,#2891);
#2889 = CARTESIAN_POINT('',(-13.97,7.922890213538,-2.07264638195));
#2890 = DIRECTION('',(-3.071950845343E-16,-0.676992462264,
    -0.735989949685));
#2891 = DIRECTION('',(-1.732476529462E-16,-0.735989949685,0.676992462264
    ));
#2892 = ADVANCED_FACE('',(#2893),#2899,.T.);
#2893 = FACE_BOUND('',#2894,.F.);
#2894 = EDGE_LOOP('',(#2895,#2896,#2897,#2898));
#2895 = ORIENTED_EDGE('',*,*,#2677,.F.);
#2896 = ORIENTED_EDGE('',*,*,#2741,.T.);
#2897 = ORIENTED_EDGE('',*,*,#2804,.F.);
#2898 = ORIENTED_EDGE('',*,*,#2880,.F.);
#2899 = CYLINDRICAL_SURFACE('',#2900,0.635);
#2900 = AXIS2_PLACEMENT_3D('',#2901,#2902,#2903);
#2901 = CARTESIAN_POINT('',(-13.97,7.493,-2.54));
#2902 = DIRECTION('',(-1.,-1.110223024625E-16,-3.330669073875E-16));
#2903 = DIRECTION('',(3.885780586188E-16,1.,1.665334536938E-16));
#2904 = ( GEOMETRIC_REPRESENTATION_CONTEXT(3) 
GLOBAL_UNCERTAINTY_ASSIGNED_CONTEXT((#2908)) 
GLOBAL_UNIT_ASSIGNED_CONTEXT((#2905,#2906,#2907)) REPRESENTATION_CONTEXT
('Context #1','3D Context with UNIT and UNCERTAINTY') );
#2905 = ( LENGTH_UNIT() NAMED_UNIT(*) SI_UNIT(.MILLI.,.METRE.) );
#2906 = ( NAMED_UNIT(*) PLANE_ANGLE_UNIT() SI_UNIT($,.RADIAN.) );
#2907 = ( NAMED_UNIT(*) SI_UNIT($,.STERADIAN.) SOLID_ANGLE_UNIT() );
#2908 = UNCERTAINTY_MEASURE_WITH_UNIT(LENGTH_MEASURE(1.E-05),#2905,
  'distance_accuracy_value','confusion accuracy');
#2909 = CONTEXT_DEPENDENT_SHAPE_REPRESENTATION(#2910,#2912);
#2910 = ( REPRESENTATION_RELATIONSHIP('','',#465,#10) 
REPRESENTATION_RELATIONSHIP_WITH_TRANSFORMATION(#2911) 
SHAPE_REPRESENTATION_RELATIONSHIP() );
#2911 = ITEM_DEFINED_TRANSFORMATION('','',#11,#19);
#2912 = PRODUCT_DEFINITION_SHAPE('Placement','Placement of an item',
  #2913);
#2913 = NEXT_ASSEMBLY_USAGE_OCCURRENCE('567','Body','',#5,#460,$);
#2914 = PRODUCT_RELATED_PRODUCT_CATEGORY('part',$,(#462));
#2915 = MECHANICAL_DESIGN_GEOMETRIC_PRESENTATION_REPRESENTATION('',(
    #2916),#2904);
#2916 = STYLED_ITEM('color',(#2917),#466);
#2917 = PRESENTATION_STYLE_ASSIGNMENT((#2918,#2924));
#2918 = SURFACE_STYLE_USAGE(.BOTH.,#2919);
#2919 = SURFACE_SIDE_STYLE('',(#2920));
#2920 = SURFACE_STYLE_FILL_AREA(#2921);
#2921 = FILL_AREA_STYLE('',(#2922));
#2922 = FILL_AREA_STYLE_COLOUR('',#2923);
#2923 = COLOUR_RGB('',1.,1.,0.941176459967);
#2924 = CURVE_STYLE('',#2925,POSITIVE_LENGTH_MEASURE(0.1),#2926);
#2925 = DRAUGHTING_PRE_DEFINED_CURVE_FONT('continuous');
#2926 = COLOUR_RGB('',9.803921802644E-02,9.803921802644E-02,
  9.803921802644E-02);
#2927 = MECHANICAL_DESIGN_GEOMETRIC_PRESENTATION_REPRESENTATION('',(
    #2928),#422);
#2928 = STYLED_ITEM('color',(#2929),#80);
#2929 = PRESENTATION_STYLE_ASSIGNMENT((#2930,#2936));
#2930 = SURFACE_STYLE_USAGE(.BOTH.,#2931);
#2931 = SURFACE_SIDE_STYLE('',(#2932));
#2932 = SURFACE_STYLE_FILL_AREA(#2933);
#2933 = FILL_AREA_STYLE('',(#2934));
#2934 = FILL_AREA_STYLE_COLOUR('',#2935);
#2935 = COLOUR_RGB('',0.796078452645,0.823529417451,0.937254901616);
#2936 = CURVE_STYLE('',#2937,POSITIVE_LENGTH_MEASURE(0.1),#2926);
#2937 = DRAUGHTING_PRE_DEFINED_CURVE_FONT('continuous');
ENDSEC;
END-ISO-10303-21;
